COD_MUNICIPIO,NOME_MUNICIPIO,MEDIA_SOMA_NOTA_CH,MEDIA_SOMA_NOTA_CN,MEDIA_SOMA_NOTA_LC,MEDIA_SOMA_NOTA_MT,MEDIA_SOMA_INSE_VALOR_ABSOLUTO
1100015,Alta Floresta D'Oeste,526.2,493.5,550.7,609.6,4.68
1100023,Ariquemes,556.11,494.32,565.14,558.7,4.71
1100049,Cacoal,541.48,502.74,545.65,578.64,4.74
1100098,Espigão D'Oeste,560.52,515.45,555.78,635.35,4.67
1100106,Guajará-Mirim,527.17,487.23,521.0,509.07,4.65
1100114,Jaru,406.4,417.07,483.73,496.33,4.63
1100122,Ji-Paraná,561.47,539.07,562.91,595.24,4.77
1100155,Ouro Preto do Oeste,543.83,480.8,536.77,564.17,4.72
1100189,Pimenta Bueno,485.8,567.4,484.4,636.4,4.82
1100205,Porto Velho,568.19,537.31,564.46,608.13,4.79
1100254,Presidente Médici,557.0,414.9,529.1,511.3,4.65
1100288,Rolim de Moura,524.9,491.78,518.75,569.13,4.8
1100304,Vilhena,549.79,513.79,551.3,613.66,4.92
1100700,Campo Novo de Rondônia,481.1,501.0,481.9,430.1,4.66
1100924,Chupinguaia,398.5,382.9,460.3,400.7,4.64
1101203,Ministro Andreazza,440.5,534.8,512.2,560.5,4.62
1101302,Mirante da Serra,605.9,639.5,640.7,697.5,4.54
1200013,Acrelândia,,,,,4.49
1200104,Brasiléia,427.2,,532.7,,4.53
1200203,Cruzeiro do Sul,529.37,500.64,537.99,554.32,4.23
1200302,Feijó,476.2,446.3,354.8,415.8,4.02
1200401,Rio Branco,566.98,535.58,560.8,597.48,4.61
1200427,Rodrigues Alves,391.4,459.7,424.4,457.5,4.01
1200450,Senador Guiomard,513.5,477.6,502.3,648.0,4.37
1200500,Sena Madureira,451.8,410.3,534.9,550.5,4.31
1200609,Tarauacá,509.0,473.15,513.8,391.8,4.12
1200708,Xapuri,413.3,417.1,398.7,435.6,4.28
1300839,Caapiranga,477.9,500.8,561.3,640.4,4.06
1301100,Careiro,464.15,418.2,491.5,490.45,4.17
1301704,Humaitá,571.03,553.57,542.1,509.97,4.22
1301902,Itacoatiara,513.01,474.57,534.33,544.64,4.21
1302603,Manaus,561.44,531.28,567.47,601.96,4.73
1303403,Parintins,464.57,470.43,538.87,532.6,4.15
1303502,Pauini,,,,,4.17
1303536,Presidente Figueiredo,423.3,386.5,481.6,439.3,4.52
1303569,Rio Preto da Eva,521.43,509.53,551.13,500.22,4.38
1400100,Boa Vista,567.59,529.43,562.16,602.38,4.81
1500107,Abaetetuba,545.16,517.4,546.0,550.36,4.04
1500404,Alenquer,390.8,450.85,455.65,553.3,3.89
1500503,Almeirim,549.83,527.93,567.1,585.63,4.15
1500602,Altamira,526.26,514.2,529.45,566.2,4.5
1500701,Anajás,340.3,350.9,428.3,433.2,3.65
1500800,Ananindeua,555.64,527.9,551.63,577.41,4.39
1501253,Bannach,454.5,,372.8,,4.34
1501303,Barcarena,536.19,519.05,533.94,514.36,4.26
1501402,Belém,572.76,540.45,564.35,601.24,4.39
1501501,Benevides,548.91,514.96,552.52,567.99,4.18
1501709,Bragança,564.44,509.66,550.65,602.31,3.83
1501808,Breves,466.5,450.3,481.63,532.83,3.89
1502103,Cametá,528.78,513.17,536.84,574.97,3.84
1502152,Canaã dos Carajás,543.69,529.9,551.17,581.38,4.52
1502202,Capanema,536.38,499.85,535.32,516.69,4.04
1502400,Castanhal,543.99,523.64,539.68,565.74,4.23
1502608,Colares,460.2,469.25,489.25,543.75,3.79
1502707,Conceição do Araguaia,519.26,474.29,528.33,539.23,4.3
1502939,Dom Eliseu,458.8,452.02,478.32,507.72,4.25
1502954,Eldorado do Carajás,456.0,466.1,516.1,503.1,4.2
1503093,Goianésia do Pará,441.8,392.3,545.7,401.9,4.19
1503200,Igarapé-Açu,547.19,509.1,530.93,544.3,3.95
1503507,Irituia,360.0,360.7,359.1,416.8,3.94
1503606,Itaituba,579.67,549.2,564.43,647.24,4.36
1503804,Jacundá,541.27,521.25,552.89,559.02,4.12
1503903,Juruti,598.07,550.7,596.77,714.53,3.78
1504059,Mãe do Rio,500.34,538.13,513.92,553.1,4.03
1504208,Marabá,567.11,539.52,562.33,608.47,4.33
1504422,Marituba,511.62,493.02,511.65,520.25,4.25
1504455,Medicilândia,422.1,382.7,409.2,492.1,4.18
1504604,Mocajuba,533.71,499.09,531.01,526.47,3.96
1504703,Moju,521.3,493.0,516.1,507.9,3.91
1504802,Monte Alegre,385.8,423.8,491.1,469.8,3.96
1505031,Novo Progresso,476.3,466.37,499.98,560.2,4.61
1505064,Novo Repartimento,560.96,517.6,552.34,600.88,4.17
1505205,Oeiras do Pará,370.8,509.0,495.95,366.7,3.61
1505304,Oriximiná,556.68,520.28,560.45,590.53,3.88
1505437,Ourilândia do Norte,583.3,514.2,546.8,510.1,4.4
1505486,Pacajá,396.3,440.9,481.8,433.8,4.19
1505502,Paragominas,536.3,503.32,539.52,558.85,4.29
1505536,Parauapebas,552.17,533.2,567.95,594.41,4.48
1506138,Redenção,535.89,506.49,548.38,555.85,4.44
1506161,Rio Maria,361.1,470.9,537.8,484.3,4.36
1506187,Rondon do Pará,602.62,530.6,554.8,598.16,4.35
1506203,Salinópolis,524.95,502.55,597.75,620.8,3.87
1506302,Salvaterra,447.4,405.5,465.1,395.1,4.13
1506500,Santa Izabel do Pará,543.08,500.4,535.07,562.65,4.09
1506708,Santana do Araguaia,,,,,4.31
1506807,Santarém,567.07,532.97,564.69,607.83,4.09
1507003,Santo Antônio do Tauá,543.7,537.81,531.54,540.93,4.03
1507300,São Félix do Xingu,451.9,484.55,488.9,589.35,4.29
1507607,São Miguel do Guamá,552.24,526.69,551.07,603.51,3.88
1507755,Sapucaia,430.5,404.4,390.9,430.4,4.29
1507904,Soure,476.1,442.7,524.0,408.6,4.07
1507953,Tailândia,504.75,488.27,536.83,565.89,4.08
1508084,Tucumã,558.2,445.3,567.0,581.0,4.43
1508100,Tucuruí,515.85,496.5,537.3,536.12,4.33
1508126,Ulianópolis,442.5,424.9,477.3,439.9,4.23
1508159,Uruará,491.56,474.82,502.16,473.96,4.24
1508209,Vigia,471.8,371.0,526.0,443.8,4.05
1508357,Vitória do Xingu,473.9,413.0,508.6,440.5,4.27
1508407,Xinguara,521.56,457.8,522.56,532.06,4.35
1600055,Serra do Navio,428.85,456.1,453.35,433.5,4.44
1600279,Laranjal do Jari,397.88,448.55,463.97,423.65,4.36
1600303,Macapá,559.71,512.88,564.51,565.85,4.63
1600600,Santana,532.43,493.4,527.87,542.41,4.52
1702109,Araguaína,555.84,535.74,556.45,610.63,4.65
1702158,Araguanã,588.7,424.3,570.7,569.8,4.29
1702208,Araguatins,437.9,472.7,501.2,430.0,4.26
1702406,Arraias,471.5,499.4,513.7,411.8,4.41
1702554,Augustinópolis,,,,,4.38
1705508,Colinas do Tocantins,582.4,540.11,571.49,591.82,4.52
1708205,Formoso do Araguaia,495.18,483.73,495.55,527.83,4.54
1709302,Guaraí,401.95,473.8,487.3,545.75,4.67
1709500,Gurupi,539.8,509.26,542.1,590.64,4.79
1712009,Lajeado,416.2,475.5,506.1,538.9,4.58
1716109,Paraíso do Tocantins,540.69,545.11,549.38,626.87,4.68
1718204,Porto Nacional,509.01,477.01,526.72,575.57,4.63
1720259,São Salvador do Tocantins,433.37,426.78,448.13,471.42,4.24
1721000,Palmas,596.49,580.9,589.85,671.18,4.91
2100055,Açailândia,490.13,466.42,512.39,487.62,4.39
2100204,Alcântara,483.0,461.8,461.95,439.55,3.86
2100550,Amapá do Maranhão,581.8,531.1,601.8,694.2,3.86
2100600,Amarante do Maranhão,462.0,412.9,498.2,642.0,3.99
2100808,Anapurus,499.85,412.55,516.63,546.38,3.71
2101004,Arari,505.08,514.64,542.45,502.84,4.07
2101202,Bacabal,536.28,487.85,538.13,548.5,4.05
2101251,Bacabeira,474.3,437.7,535.3,510.0,4.1
2101400,Balsas,556.26,511.64,552.82,594.6,4.29
2101509,Barão de Grajaú,402.2,504.8,351.6,465.9,4.0
2101608,Barra do Corda,428.42,412.24,509.8,452.6,4.13
2101707,Barreirinhas,494.7,559.9,579.9,557.0,3.8
2102036,Bom Jesus das Selvas,439.6,431.5,437.9,365.7,4.07
2102101,Brejo,499.04,468.76,521.59,523.9,3.74
2102200,Buriti,587.93,576.03,577.93,715.23,3.73
2102309,Buriti Bravo,531.87,458.27,548.87,487.0,3.96
2102325,Buriticupu,469.3,454.3,487.0,425.4,4.07
2102408,Cajapió,488.5,473.7,555.6,617.6,3.86
2103000,Caxias,528.63,519.3,536.44,579.32,4.17
2103208,Chapadinha,494.73,473.06,507.05,523.13,3.76
2103307,Codó,519.67,469.31,515.03,521.88,3.84
2103406,Coelho Neto,540.75,522.89,553.99,598.77,3.76
2103505,Colinas,493.73,487.2,539.82,544.52,3.97
2103604,Coroatá,528.59,507.58,530.65,553.03,3.73
2103752,Davinópolis,556.2,443.2,507.1,570.4,4.2
2103802,Dom Pedro,584.02,548.52,577.19,653.13,4.05
2104800,Grajaú,488.3,403.15,466.75,480.4,4.12
2105302,Imperatriz,553.38,531.5,552.03,612.4,4.56
2105401,Itapecuru Mirim,465.4,442.02,487.9,590.27,3.81
2105427,Itinga do Maranhão,566.0,592.1,504.6,489.7,4.31
2105476,Jenipapo dos Vieiras,,,,,4.0
2105708,Lago da Pedra,545.01,494.23,538.81,555.96,4.06
2105807,Lago do Junco,499.76,465.41,482.98,478.83,3.85
2106003,Lima Campos,502.7,399.7,519.2,630.8,4.0
2106326,Maracaçumé,577.5,546.4,556.5,510.8,4.15
2106607,Matões,546.6,485.6,469.9,486.5,3.65
2106706,Mirador,446.55,443.5,499.5,381.35,3.89
2106805,Mirinzal,403.9,392.1,493.2,409.9,3.93
2107100,Morros,424.27,462.47,537.7,453.3,3.66
2107407,Olho d'Água das Cunhãs,,,,,4.1
2107506,Paço do Lumiar,550.67,493.56,526.98,549.2,4.29
2108207,Pedreiras,551.05,527.55,550.85,604.91,4.14
2108454,Peritoró,450.0,354.35,462.25,512.2,3.8
2108504,Pindaré-Mirim,504.9,445.2,498.4,373.2,3.99
2108603,Pinheiro,547.96,511.58,543.89,558.86,3.91
2108702,Pio XII,528.7,436.8,556.2,644.0,3.97
2109007,Porto Franco,603.13,529.58,567.98,571.53,4.37
2109106,Presidente Dutra,518.73,499.25,537.16,505.43,4.27
2109452,Raposa,510.8,475.5,534.5,598.9,4.16
2109908,Santa Inês,536.74,495.84,531.22,540.68,4.19
2110104,Santa Quitéria do Maranhão,411.4,388.5,391.1,526.4,3.74
2110500,São Bento,436.6,348.1,447.6,431.9,3.84
2110609,São Bernardo,367.77,497.9,477.27,473.5,3.75
2110708,São Domingos do Maranhão,476.37,506.03,540.8,607.82,4.12
2110856,São Francisco do Brejão,,,,,4.22
2111078,São João do Soter,,,,,3.87
2111201,São José de Ribamar,556.66,516.1,561.92,599.37,4.31
2111300,São Luís,572.97,534.62,568.49,610.52,4.42
2111508,São Mateus do Maranhão,470.36,441.31,492.98,476.65,4.0
2111607,São Raimundo das Mangabeiras,467.05,409.95,482.5,400.9,4.19
2112209,Timon,481.35,474.46,512.15,495.99,4.18
2112308,Tuntum,428.4,,442.2,,4.03
2112407,Turiaçu,347.8,412.2,439.5,464.0,3.7
2112506,Tutóia,565.17,513.58,537.18,627.1,3.74
2112605,Urbano Santos,492.9,434.43,486.77,493.73,3.73
2112704,Vargem Grande,554.4,495.8,555.1,574.5,3.74
2112803,Viana,486.1,442.1,509.7,390.0,4.04
2112902,Vitória do Mearim,385.8,402.7,548.3,435.8,3.94
2114007,Zé Doca,471.85,422.03,515.33,506.18,4.13
2200202,Água Branca,502.49,488.59,515.78,550.92,4.27
2200400,Altos,500.28,490.9,513.22,521.86,4.08
2201200,Barras,583.5,516.96,562.17,582.27,3.71
2201408,Barro Duro,413.5,409.5,471.1,448.2,4.22
2201507,Batalha,514.91,500.86,513.43,574.99,3.9
2201903,Bom Jesus,500.92,479.65,524.84,472.58,4.45
2202208,Campo Maior,578.08,539.94,567.14,638.89,4.05
2202307,Canto do Buriti,,,,,4.08
2202406,Capitão de Campos,577.0,509.0,560.5,516.0,3.89
2202604,Castelo do Piauí,514.1,421.9,526.1,522.0,4.04
2202703,Cocal,502.3,482.9,558.2,419.2,3.81
2202711,Cocal de Telha,470.4,484.2,471.1,560.4,3.88
2202778,Colônia do Piauí,473.5,393.8,433.0,368.4,4.13
2202901,Corrente,465.76,434.57,506.0,494.67,4.12
2203701,Esperantina,487.68,467.41,511.28,487.04,3.98
2203909,Floriano,568.93,527.75,555.69,601.85,4.18
2204501,Guadalupe,408.5,408.5,520.3,467.1,4.3
2204709,Inhuma,506.75,485.77,529.75,540.39,4.21
2204808,Ipiranga do Piauí,,,,,4.27
2205003,Itainópolis,501.8,440.3,532.9,534.3,4.13
2205151,Jacobina do Piauí,388.6,414.2,470.2,539.8,4.24
2205409,Joaquim Pires,388.7,371.1,461.3,482.1,3.67
2205573,Lagoa de São Francisco,446.2,354.0,481.9,405.8,3.95
2205706,Luís Correia,539.9,359.3,472.5,537.5,3.93
2205904,Manoel Emídio,449.6,509.5,489.2,367.0,4.42
2207009,Oeiras,577.99,556.93,580.93,682.06,4.03
2207108,Olho D'Água do Piauí,395.3,464.5,506.4,532.9,4.1
2207702,Parnaíba,543.21,519.63,552.77,579.27,4.19
2207900,Pedro II,484.56,472.55,505.33,510.7,3.98
2208007,Picos,569.67,534.7,565.51,616.75,4.34
2208106,Pimenteiras,402.1,383.2,374.0,383.9,4.15
2208304,Piracuruca,516.73,491.17,539.67,583.9,3.81
2208403,Piripiri,529.33,517.81,555.3,580.98,4.15
2210003,São João do Piauí,499.62,460.02,538.08,498.77,4.12
2210607,São Raimundo Nonato,550.22,498.13,544.37,550.29,4.19
2210805,Simplício Mendes,,,,,4.06
2211001,Teresina,580.77,558.91,575.11,651.5,4.4
2211100,União,528.21,492.59,539.33,530.28,3.8
2211209,Uruçuí,398.2,462.2,458.2,462.2,4.44
2211308,Valença do Piauí,515.0,391.1,545.3,432.9,4.35
2300200,Acaraú,536.7,498.7,549.58,543.02,3.98
2300309,Acopiara,544.9,582.9,524.0,569.0,4.16
2301000,Aquiraz,571.29,531.17,583.2,614.59,4.33
2301109,Aracati,542.02,491.85,533.34,569.38,4.31
2301257,Ararendá,439.15,403.25,525.45,514.5,4.11
2301901,Barbalha,546.93,547.67,555.28,612.22,4.25
2302107,Baturité,555.7,441.8,578.2,460.7,4.01
2302305,Bela Cruz,493.75,479.25,547.0,541.7,3.99
2302503,Brejo Santo,547.04,522.18,536.23,578.57,4.24
2302602,Camocim,570.3,538.6,563.1,557.3,3.9
2303501,Cascavel,500.85,498.3,543.82,531.39,4.15
2303709,Caucaia,514.35,493.65,522.57,551.14,4.3
2304103,Crateús,581.35,540.01,568.7,639.81,4.11
2304202,Crato,563.67,543.39,560.66,607.61,4.2
2304251,Cruz,456.85,454.0,508.0,484.95,4.12
2304285,Eusébio,571.18,531.59,555.63,556.89,4.73
2304400,Fortaleza,584.59,559.84,573.44,656.04,4.46
2304707,Granja,574.45,556.99,569.23,585.89,3.59
2305001,Guaraciaba do Norte,552.93,522.04,548.16,589.87,4.08
2305209,Hidrolândia,342.2,418.3,409.2,430.1,3.89
2305308,Ibiapina,536.89,506.05,535.62,615.84,4.14
2305407,Icó,561.75,479.1,546.85,536.7,4.06
2305506,Iguatu,571.85,555.46,565.86,632.18,4.33
2305803,Ipu,526.19,488.47,527.36,542.08,4.08
2306256,Itaitinga,540.5,442.2,533.6,600.8,4.44
2306306,Itapajé,434.2,378.0,442.7,434.8,3.92
2306405,Itapipoca,506.26,486.93,528.66,573.37,3.85
2306553,Itarema,532.76,535.06,543.17,600.07,3.82
2306900,Jaguaribe,574.9,550.0,568.23,656.07,4.14
2307007,Jaguaruana,585.91,585.29,587.64,653.54,4.15
2307304,Juazeiro do Norte,586.65,567.43,576.74,658.21,4.38
2307601,Limoeiro do Norte,588.89,564.99,575.47,644.79,4.43
2307650,Maracanaú,537.68,499.04,541.38,557.3,4.48
2307700,Maranguape,542.22,505.01,542.75,553.0,4.29
2307809,Marco,497.22,481.96,536.33,549.95,3.83
2308005,Massapê,433.11,440.53,476.99,496.19,3.82
2308104,Mauriti,543.51,481.33,533.61,552.68,4.04
2308302,Milagres,548.54,509.68,544.68,599.35,4.05
2308351,Milhã,593.07,578.85,582.27,694.67,4.19
2308401,Missão Velha,551.75,518.9,534.95,563.3,4.07
2308708,Morada Nova,562.9,531.3,561.05,461.5,4.25
2309300,Nova Russas,583.76,543.51,575.83,640.93,4.04
2309607,Pacajus,582.54,542.17,561.95,652.85,4.33
2309706,Pacatuba,534.5,428.3,542.1,507.9,4.43
2310209,Paracuru,556.2,557.8,554.7,744.1,4.21
2310258,Paraipaba,554.31,534.61,570.08,556.21,4.05
2310803,Pereiro,540.0,482.6,522.2,576.1,4.38
2311306,Quixadá,579.03,534.03,570.23,589.12,4.16
2311405,Quixeramobim,563.85,544.03,579.8,650.03,4.18
2311504,Quixeré,614.55,621.52,600.17,748.28,4.39
2311603,Redenção,430.07,431.7,466.1,555.1,4.14
2311801,Russas,588.48,551.94,570.8,634.84,4.36
2312007,Santana do Acaraú,519.13,498.15,507.82,607.3,3.6
2312205,Santa Quitéria,594.32,526.04,580.08,618.78,4.06
2312304,São Benedito,549.88,527.33,551.83,624.13,4.13
2312403,São Gonçalo do Amarante,589.4,513.3,497.5,612.9,4.33
2312700,Senador Pompeu,514.89,457.15,525.23,567.85,4.08
2312908,Sobral,577.12,552.92,568.32,648.57,4.12
2313104,Tabuleiro do Norte,537.7,516.7,538.28,552.0,4.39
2313252,Tarrafas,606.8,577.7,590.1,637.6,4.04
2313302,Tauá,530.88,509.52,528.34,637.75,4.32
2313401,Tianguá,535.39,519.13,536.95,587.91,4.18
2313609,Ubajara,565.08,527.27,564.98,622.45,4.21
2314003,Várzea Alegre,542.44,507.78,552.21,614.32,4.15
2314102,Viçosa do Ceará,560.77,519.4,565.4,597.18,3.95
2400208,Açu,523.64,500.55,527.77,546.75,4.42
2401008,Apodi,479.2,471.13,536.0,523.03,4.41
2401107,Areia Branca,515.68,459.59,517.92,561.15,4.5
2401453,Baraúna,476.05,465.92,497.75,545.0,4.24
2402006,Caicó,545.44,538.37,555.0,579.14,4.53
2402204,Canguaretama,472.53,473.33,533.2,543.62,4.31
2402303,Caraúbas,478.5,383.9,503.2,401.7,4.36
2402600,Ceará-Mirim,524.11,478.99,515.69,491.89,4.23
2403103,Currais Novos,520.19,490.2,520.3,564.2,4.56
2403251,Parnamirim,574.42,553.29,568.33,644.83,4.74
2403608,Extremoz,468.77,426.75,529.1,524.13,4.37
2404200,Goianinha,595.88,551.3,529.33,675.3,4.28
2404309,Governador Dix-Sept Rosado,499.6,416.0,516.1,390.9,4.31
2405603,Jardim de Piranhas,550.66,527.4,560.42,535.48,4.25
2405801,João Câmara,448.97,449.53,511.27,519.5,4.27
2406700,Lajes,520.7,457.2,514.05,502.65,4.42
2407104,Macaíba,492.66,452.29,500.5,514.27,4.43
2407203,Macau,493.25,456.92,498.52,485.59,4.41
2408003,Mossoró,556.06,537.24,556.34,621.17,4.64
2408102,Natal,568.47,543.32,566.8,616.15,4.64
2408300,Nova Cruz,558.97,525.62,562.91,606.37,4.14
2408904,Parelhas,504.18,500.43,509.18,633.58,4.37
2409100,Passa e Fica,558.8,507.31,535.03,614.85,4.39
2409407,Pau dos Ferros,531.8,513.97,549.64,568.06,4.59
2409506,Pedra Grande,362.6,388.1,340.4,400.4,4.19
2410207,Portalegre,544.0,382.0,498.9,499.6,4.3
2411205,Santa Cruz,521.38,507.17,539.76,583.74,4.37
2411502,Santo Antônio,471.2,480.5,497.92,529.18,4.35
2412005,São Gonçalo do Amarante,437.7,382.6,435.85,393.5,4.39
2412203,São José de Mipibu,394.1,390.7,430.0,545.8,4.27
2412559,São Miguel do Gostoso,505.6,495.1,536.3,412.0,4.2
2412609,São Paulo do Potengi,598.9,576.7,601.2,587.1,4.22
2413201,Senador Georgino Avelino,370.7,406.3,418.4,383.7,4.13
2414001,Tangará,369.3,364.4,522.9,467.0,4.34
2500304,Alagoa Grande,496.37,454.48,496.96,509.78,4.07
2500536,Alcantil,416.6,417.9,347.6,490.3,4.53
2500601,Alhandra,457.45,437.8,487.5,413.0,4.31
2501104,Areia,554.35,511.53,552.09,567.22,4.11
2501203,Areial,574.6,408.0,540.1,481.0,4.17
2501302,Aroeiras,588.57,558.03,568.9,556.3,3.96
2501500,Bananeiras,538.38,495.85,534.08,534.53,4.31
2501807,Bayeux,514.17,496.61,532.79,530.88,4.46
2501906,Belém,497.62,461.32,479.12,534.7,4.1
2502409,Bonito de Santa Fé,463.4,404.9,450.7,472.2,4.19
2502805,Brejo do Cruz,509.2,502.85,514.27,519.07,4.24
2503209,Cabedelo,482.0,439.54,496.08,494.81,4.6
2503704,Cajazeiras,525.81,491.04,528.48,577.76,4.4
2504009,Campina Grande,582.32,555.99,570.94,638.98,4.61
2504306,Catolé do Rocha,524.32,510.85,526.73,569.95,4.43
2504405,Conceição,544.95,515.45,543.89,627.27,4.13
2504801,Coremas,576.7,513.17,573.83,573.58,4.15
2505105,Cuité,434.4,437.1,468.8,486.6,4.4
2505279,Curral de Cima,489.9,504.3,449.9,568.1,4.01
2506004,Esperança,480.55,478.71,510.95,552.87,4.35
2506251,Gado Bravo,613.7,586.6,561.1,701.1,4.21
2506301,Guarabira,548.68,521.44,548.04,584.75,4.34
2506806,Ingá,529.04,507.43,530.28,560.49,4.1
2506905,Itabaiana,543.39,503.61,531.35,557.38,4.11
2507002,Itaporanga,586.46,537.55,571.7,668.36,4.21
2507101,Itapororoca,538.52,495.52,535.86,575.19,4.0
2507507,João Pessoa,574.26,551.31,567.64,635.49,4.7
2507705,Juazeirinho,557.8,378.0,522.2,538.4,4.32
2508604,Lucena,389.2,383.1,443.2,437.0,4.18
2508802,Malta,555.8,542.4,531.7,595.5,4.22
2508901,Mamanguape,527.94,500.72,541.6,588.52,4.24
2509107,Mari,525.8,433.4,459.9,529.5,4.07
2509701,Monteiro,518.48,483.51,515.83,565.84,4.3
2509800,Mulungu,493.9,,468.8,,4.26
2510808,Patos,554.08,529.41,556.17,614.04,4.38
2511301,Piancó,537.71,502.37,537.8,564.41,4.06
2511400,Picuí,410.1,487.7,331.7,422.4,4.42
2512101,Pombal,562.22,537.31,566.1,634.6,4.32
2512309,Princesa Isabel,569.4,531.9,559.8,582.4,4.22
2512507,Queimadas,473.43,464.43,509.44,523.33,4.41
2513406,Santa Luzia,506.52,475.96,521.1,500.48,4.4
2513703,Santa Rita,518.38,489.84,528.6,524.34,4.32
2513901,São Bento,507.08,511.34,536.24,594.36,4.33
2514503,São José de Piranhas,439.4,391.3,476.6,478.4,4.07
2515005,São Miguel de Taipu,478.8,423.4,522.6,445.8,3.99
2515302,Sapé,553.89,545.15,553.66,597.74,4.24
2516102,Soledade,440.7,415.4,463.7,427.8,4.47
2516201,Sousa,561.52,532.89,557.44,610.23,4.32
2516300,Sumé,448.7,,508.7,,4.57
2516706,Teixeira,536.73,508.05,526.65,578.64,4.26
2600054,Abreu e Lima,483.0,467.3,511.93,485.88,4.6
2600104,Afogados da Ingazeira,613.17,582.97,595.27,710.83,4.37
2600302,Agrestina,510.1,362.0,442.1,530.5,4.19
2600401,Água Preta,435.7,409.77,469.93,444.2,4.17
2600500,Águas Belas,465.8,399.9,478.73,465.6,3.87
2600708,Aliança,501.9,459.7,536.6,429.2,4.06
2600906,Amaraji,,,,,4.07
2601102,Araripina,516.85,511.33,532.45,574.37,4.12
2601201,Arcoverde,543.3,515.29,543.89,582.93,4.48
2601409,Barreiros,538.87,484.04,536.63,570.03,4.25
2601706,Belo Jardim,539.59,512.86,545.35,583.85,4.31
2601904,Bezerros,520.26,476.78,549.06,497.9,4.37
2602100,Bom Conselho,550.64,527.81,570.31,642.23,3.98
2602209,Bom Jardim,559.15,544.1,555.85,617.8,4.14
2602308,Bonito,472.0,481.1,515.3,427.7,4.08
2602605,Brejo da Madre de Deus,501.5,444.7,480.85,417.5,4.25
2602902,Cabo de Santo Agostinho,537.39,511.35,539.27,580.0,4.45
2603306,Calçado,455.5,398.95,499.5,451.0,4.23
2603454,Camaragibe,518.15,498.19,527.32,543.18,4.49
2603603,Camutanga,396.0,419.4,399.3,476.6,4.04
2604007,Carpina,520.64,509.42,535.7,569.79,4.45
2604106,Caruaru,556.32,533.33,559.76,625.67,4.52
2604205,Catende,535.0,517.1,590.1,588.85,4.11
2604601,Condado,449.73,443.5,476.93,489.4,4.02
2605004,Cupira,562.3,485.5,561.75,491.3,4.21
2605202,Escada,526.9,488.89,531.47,568.99,4.25
2605707,Floresta,501.9,528.9,538.1,576.7,4.09
2606002,Garanhuns,559.51,533.72,559.21,596.06,4.54
2606101,Glória do Goitá,503.9,409.0,527.3,485.7,4.01
2606200,Goiana,535.38,509.21,536.37,559.87,4.35
2606408,Gravatá,520.45,485.08,534.77,563.2,4.3
2606804,Igarassu,537.5,506.82,531.64,553.67,4.52
2607208,Ipojuca,527.61,496.38,539.82,563.28,4.44
2607604,Ilha de Itamaracá,509.4,479.8,571.2,591.5,4.38
2607653,Itambé,383.7,348.7,411.95,416.65,4.21
2607703,Itapetim,,,,,4.34
2607752,Itapissuma,508.31,484.19,505.33,515.65,4.38
2607901,Jaboatão dos Guararapes,540.77,514.81,548.9,587.26,4.48
2608107,João Alfredo,496.8,350.8,491.6,552.1,3.97
2608305,Jupi,,,,,4.12
2608503,Lagoa de Itaenga,543.1,514.2,527.1,553.43,4.19
2608800,Lajedo,543.23,490.09,544.61,549.91,4.31
2608909,Limoeiro,579.4,555.87,567.65,645.4,4.26
2609402,Moreno,517.56,489.54,513.07,524.91,4.34
2609501,Nazaré da Mata,580.49,546.24,543.7,612.73,4.32
2609600,Olinda,565.32,532.61,559.31,595.1,4.52
2609709,Orobó,536.7,512.3,528.5,422.0,4.06
2609907,Ouricuri,478.5,492.83,541.6,578.27,4.11
2610004,Palmares,519.88,487.65,519.74,556.33,4.24
2610202,Panelas,595.2,474.0,561.6,562.1,4.09
2610707,Paulista,537.52,508.82,545.94,575.41,4.59
2610905,Pesqueira,556.91,519.6,555.66,626.79,4.09
2611002,Petrolândia,413.5,470.3,451.7,448.9,4.42
2611101,Petrolina,581.73,555.41,577.26,648.16,4.47
2611606,Recife,585.23,552.88,575.5,654.51,4.59
2611804,Ribeirão,509.51,501.92,527.35,551.88,4.22
2611903,Rio Formoso,595.45,576.65,585.4,602.9,4.29
2612000,Sairé,554.95,521.84,533.6,578.73,4.27
2612208,Salgueiro,516.44,486.21,528.99,505.8,4.34
2612307,Saloá,328.8,463.9,344.8,398.9,4.1
2612505,Santa Cruz do Capibaribe,532.1,507.0,539.51,592.33,4.53
2612703,Santa Maria do Cambucá,,,,,4.22
2613008,São Bento do Una,237.3,385.25,442.4,493.9,4.21
2613107,São Caitano,493.8,453.24,512.01,480.5,4.21
2613305,São Joaquim do Monte,433.3,494.3,499.7,408.2,4.05
2613404,São José da Coroa Grande,457.25,407.3,419.95,409.6,4.35
2613503,São José do Belmonte,472.8,396.5,473.3,492.4,4.2
2613602,São José do Egito,462.3,422.43,525.6,503.73,4.37
2613701,São Lourenço da Mata,476.37,472.64,511.06,499.84,4.39
2613909,Serra Talhada,576.56,551.26,567.17,634.91,4.34
2614105,Sertânia,,,,,4.31
2614204,Sirinhaém,462.15,371.7,486.2,469.75,4.28
2614501,Surubim,586.41,550.69,572.77,648.31,4.48
2614857,Tamandaré,420.7,445.9,393.1,416.1,4.19
2615300,Timbaúba,544.91,522.27,543.6,584.94,4.2
2615409,Toritama,468.65,511.1,491.4,618.7,4.43
2615706,Triunfo,499.5,466.4,521.3,500.5,4.42
2616001,Venturosa,491.7,428.0,508.0,460.7,4.25
2616100,Verdejante,441.9,,412.7,,4.26
2616209,Vertentes,405.5,397.8,425.2,464.6,4.32
2616407,Vitória de Santo Antão,554.46,531.04,553.57,594.51,4.36
2700201,Anadia,397.3,385.1,408.4,423.35,4.09
2700300,Arapiraca,547.72,522.24,553.87,616.05,4.47
2700409,Atalaia,463.05,437.37,506.73,495.77,4.09
2700805,Belém,349.9,495.6,419.1,495.9,3.96
2701001,Boca da Mata,521.79,501.83,521.1,550.76,4.14
2701209,Cacimbinhas,522.7,521.67,534.2,566.93,3.77
2701407,Campo Alegre,503.38,481.34,478.7,467.0,4.26
2702306,Coruripe,388.4,464.7,415.9,438.7,4.33
2702355,Craíbas,538.8,492.8,526.8,465.0,4.1
2702405,Delmiro Gouveia,529.69,508.07,558.37,553.68,4.4
2702603,Feira Grande,431.1,395.7,446.9,458.8,4.07
2702900,Girau do Ponciano,547.4,475.9,530.8,605.0,4.0
2703007,Ibateguara,488.2,453.7,491.3,627.9,3.97
2703809,Joaquim Gomes,507.8,491.3,501.4,392.2,3.97
2704005,Junqueiro,446.85,496.55,515.15,570.7,4.23
2704104,Lagoa da Canoa,538.7,455.4,512.0,486.9,4.21
2704302,Maceió,545.42,514.79,550.49,593.09,4.45
2704500,Maragogi,491.7,548.3,476.4,520.0,4.16
2704708,Marechal Deodoro,444.15,420.45,528.75,467.55,4.37
2705200,Messias,435.3,412.2,448.1,455.7,4.23
2705705,Olho d'Água das Flores,505.7,411.1,512.3,412.4,3.93
2706109,Ouro Branco,458.1,499.4,372.1,397.0,4.08
2706307,Palmeira dos Índios,497.74,492.38,516.1,534.31,4.09
2706406,Pão de Açúcar,551.63,551.8,534.87,631.2,3.98
2706703,Penedo,498.57,478.48,527.89,538.34,4.21
2706901,Pilar,490.74,452.48,509.37,516.68,4.24
2707107,Piranhas,527.38,471.37,536.83,539.72,4.11
2707701,Rio Largo,517.74,494.87,534.16,568.44,4.44
2708006,Santana do Ipanema,489.39,491.11,516.9,534.17,4.03
2708303,São José da Laje,450.6,407.7,474.1,424.3,4.03
2708501,São Luís do Quitunde,531.32,478.7,536.47,530.43,3.96
2708600,São Miguel dos Campos,522.57,499.1,523.59,564.42,4.25
2708907,Satuba,511.0,451.25,506.78,507.93,4.55
2709152,Teotônio Vilela,473.8,470.45,431.55,567.55,4.31
2709202,Traipu,327.9,358.5,451.2,426.0,3.7
2709301,União dos Palmares,502.7,476.54,519.23,511.3,4.11
2709400,Viçosa,452.18,439.12,507.85,450.36,4.06
2800209,Aquidabã,441.0,331.4,346.5,391.1,3.9
2800308,Aracaju,566.48,541.82,564.33,615.73,4.58
2800605,Barra dos Coqueiros,519.6,433.43,502.93,460.23,4.55
2800670,Boquim,541.41,526.17,550.04,602.12,4.26
2801306,Capela,468.31,429.49,501.13,489.81,4.07
2801504,Carmópolis,467.23,483.6,447.0,443.2,4.47
2802106,Estância,562.8,512.92,551.47,593.29,4.16
2802908,Itabaiana,586.06,548.88,570.55,624.35,4.42
2803005,Itabaianinha,525.67,494.28,530.78,511.45,3.93
2803500,Lagarto,563.06,536.18,558.51,622.85,4.3
2803609,Laranjeiras,409.0,358.3,397.7,458.5,4.25
2803906,Malhador,560.36,517.52,529.55,574.74,4.21
2804003,Maruim,478.28,421.63,449.36,533.52,4.33
2804201,Monte Alegre de Sergipe,,,,,4.0
2804300,Muribeca,535.1,428.4,497.7,563.0,4.12
2804409,Neópolis,462.3,410.36,481.87,502.53,4.09
2804458,Nossa Senhora Aparecida,450.2,468.3,543.2,434.7,4.25
2804508,Nossa Senhora da Glória,568.83,520.91,568.51,613.05,4.21
2804706,Nossa Senhora de Lourdes,555.9,485.8,534.5,499.0,4.02
2804805,Nossa Senhora do Socorro,532.14,492.41,537.03,552.63,4.52
2805406,Poço Redondo,402.8,385.8,467.8,413.5,3.96
2805505,Poço Verde,459.8,484.4,525.1,584.8,4.19
2805604,Porto da Folha,473.24,450.53,484.11,518.04,3.92
2805703,Propriá,487.18,453.68,505.4,505.39,4.16
2806206,Salgado,467.33,380.9,504.17,469.93,4.34
2806701,São Cristóvão,503.16,484.18,525.9,520.23,4.4
2807105,Simão Dias,570.54,536.76,566.68,600.86,4.12
2807402,Tobias Barreto,571.16,549.33,564.7,665.21,4.1
2807600,Umbaúba,523.26,523.0,537.56,545.17,4.05
2900702,Alagoinhas,572.94,557.36,569.49,621.71,4.39
2901007,Amargosa,591.17,572.97,577.42,654.87,4.37
2901106,Amélia Rodrigues,548.1,495.3,545.5,507.0,4.37
2901353,Andorinha,496.7,510.53,537.11,516.83,4.18
2901908,Aporá,423.0,458.6,384.4,427.6,4.12
2902104,Araci,555.75,511.91,538.3,585.65,3.93
2902708,Barra,497.85,441.83,522.18,531.73,4.03
2903003,Barra do Mendes,532.77,486.73,541.78,550.62,4.46
2903102,Barra do Rocha,,,,,4.3
2903201,Barreiras,579.11,553.8,567.97,631.52,4.62
2903409,Belmonte,,,,,4.35
2903904,Bom Jesus da Lapa,569.99,539.76,567.22,630.45,4.27
2904605,Brumado,600.26,565.06,571.45,657.95,4.66
2904902,Cachoeira,542.78,501.19,549.56,559.56,4.28
2905206,Caetité,590.1,572.79,588.8,708.56,4.46
2905602,Camacan,541.38,511.45,537.68,551.42,4.21
2905701,Camaçari,528.56,498.59,541.55,532.37,4.62
2905800,Camamu,498.15,518.45,545.05,650.75,4.26
2906006,Campo Formoso,547.14,510.34,534.46,607.61,4.26
2906204,Canarana,412.4,466.7,472.6,405.7,4.21
2906303,Canavieiras,648.7,673.8,601.6,716.7,4.2
2906501,Candeias,453.26,448.11,503.53,496.04,4.45
2906808,Cansanção,,,,,4.17
2906873,Capim Grosso,491.64,451.24,488.53,527.59,4.39
2907202,Casa Nova,513.1,368.3,532.75,589.85,4.16
2907301,Castro Alves,481.3,476.6,509.9,590.7,4.22
2907509,Catu,487.17,464.95,509.23,488.37,4.51
2907558,Caturama,538.5,459.4,520.7,456.5,4.42
2907608,Central,535.42,493.09,533.22,574.63,4.16
2907806,Cícero Dantas,549.42,511.46,547.95,625.23,4.08
2907905,Cipó,487.3,456.95,507.1,519.2,4.17
2908002,Coaraci,545.23,527.33,562.11,602.7,4.29
2908101,Cocos,568.3,548.4,576.8,599.3,4.1
2908309,Conceição do Almeida,492.6,509.85,521.95,520.45,4.23
2908408,Conceição do Coité,603.35,587.65,583.69,643.49,4.43
2908507,Conceição do Jacuípe,541.15,515.95,553.35,589.16,4.58
2909307,Correntina,580.88,570.56,573.52,676.18,4.18
2909802,Cruz das Almas,582.43,550.26,564.7,637.56,4.42
2909901,Curaçá,420.2,443.4,493.5,488.4,4.19
2910057,Dias d'Ávila,535.35,494.04,546.33,520.95,4.44
2910503,Entre Rios,552.31,498.27,540.7,599.59,4.35
2910602,Esplanada,523.22,513.42,534.46,554.54,4.19
2910701,Euclides da Cunha,540.9,481.14,551.09,561.85,4.26
2910727,Eunápolis,574.35,550.8,567.99,637.81,4.61
2910800,Feira de Santana,582.11,548.16,573.05,638.35,4.62
2911204,Gandu,598.47,557.67,583.61,654.15,4.43
2911253,Gavião,,,,,4.22
2911600,Governador Mangabeira,507.67,479.15,506.7,532.02,4.47
2911659,Guajeru,487.7,395.3,513.4,449.3,4.55
2911709,Guanambi,555.29,524.97,553.89,622.97,4.64
2911808,Guaratinga,617.8,415.6,541.8,661.8,4.26
2912103,Ibicaraí,504.42,491.48,515.0,522.17,4.19
2913101,Ibititá,458.15,440.0,507.9,551.8,4.29
2913507,Iguaí,577.72,499.78,560.04,573.4,4.26
2913606,Ilhéus,561.67,546.14,565.85,611.39,4.4
2913804,Ipecaetá,390.2,464.5,469.1,395.8,4.19
2913903,Ipiaú,563.77,544.69,560.47,622.49,4.42
2914000,Ipirá,604.83,556.92,581.12,656.75,4.19
2914406,Iraquara,496.92,479.08,551.16,604.34,4.12
2914505,Irará,553.93,493.13,540.43,591.5,4.25
2914604,Irecê,550.31,523.63,550.95,604.38,4.48
2914703,Itaberaba,561.46,523.73,567.54,572.46,4.43
2914802,Itabuna,565.54,546.36,568.34,618.67,4.47
2914901,Itacaré,535.5,469.4,477.8,536.8,4.16
2915502,Itajuípe,500.65,377.05,473.6,463.45,4.31
2915601,Itamaraju,549.29,505.77,530.74,594.23,4.31
2916005,Itanhém,,,,,4.41
2916104,Itaparica,522.7,513.87,524.44,557.34,4.43
2916401,Itapetinga,556.69,535.14,569.16,665.85,4.58
2916856,Itatim,504.0,455.0,524.8,525.85,4.44
2917102,Itororó,532.3,497.6,517.2,453.6,4.29
2917334,Iuiu,478.1,436.1,508.0,486.7,4.19
2917508,Jacobina,567.93,534.82,558.76,612.21,4.4
2917607,Jaguaquara,559.96,531.07,566.41,632.65,4.47
2917706,Jaguarari,483.92,493.77,503.46,523.48,4.27
2918001,Jequié,552.77,522.23,550.24,587.24,4.42
2918100,Jeremoabo,561.92,512.35,552.89,597.49,4.13
2918308,Jitaúna,483.07,451.93,544.77,645.77,4.23
2918357,João Dourado,571.52,573.35,567.42,593.18,4.27
2918407,Juazeiro,545.75,502.84,539.77,569.53,4.38
2918753,Lagoa Real,469.0,446.0,463.7,438.0,4.48
2919207,Lauro de Freitas,598.22,567.62,583.43,651.72,4.64
2919306,Lençóis,445.3,459.5,509.7,461.6,4.22
2919504,Livramento de Nossa Senhora,604.2,578.0,603.83,664.88,4.47
2919553,Luís Eduardo Magalhães,562.03,544.39,564.92,613.84,4.83
2919801,Macaúbas,523.22,538.83,546.26,600.32,4.25
2919926,Madre de Deus,557.55,483.26,549.99,557.88,4.55
2921005,Mata de São João,559.65,559.15,483.3,579.75,4.5
2921450,Mirante,397.7,378.5,460.6,370.8,4.38
2922003,Mucuri,583.66,547.75,562.25,638.35,4.47
2922102,Mundo Novo,528.74,498.36,556.44,514.54,4.21
2922300,Muritiba,585.59,547.38,567.51,659.13,4.4
2922508,Nazaré,560.96,510.24,546.06,599.85,4.24
2922607,Nilo Peçanha,421.2,427.1,397.3,519.4,4.23
2922656,Nordestina,399.2,,372.6,,4.12
2922904,Nova Soure,433.3,415.45,500.1,446.9,4.03
2923001,Nova Viçosa,344.7,495.2,499.9,471.3,4.46
2923407,Palmas de Monte Alto,419.8,462.0,396.7,448.3,4.37
2923803,Paripiranga,436.3,398.2,380.2,453.3,4.16
2924009,Paulo Afonso,555.75,521.75,559.48,613.24,4.51
2924652,Pintadas,403.9,435.0,492.0,386.2,4.4
2925105,Poções,567.46,552.72,549.18,663.48,4.5
2925204,Pojuca,545.36,519.98,554.48,608.7,4.46
2925303,Porto Seguro,562.99,525.36,553.03,599.71,4.53
2925501,Prado,557.47,509.23,543.78,548.46,4.37
2925758,Presidente Tancredo Neves,406.15,421.15,495.95,488.25,4.27
2925808,Queimadas,437.1,444.9,523.3,475.9,4.23
2926004,Remanso,543.88,520.41,537.25,582.11,4.15
2926103,Retirolândia,552.53,548.43,551.77,560.03,4.45
2926301,Riachão do Jacuípe,540.96,500.91,551.66,579.29,4.35
2926608,Ribeira do Pombal,559.56,530.05,566.36,605.15,4.25
2927002,Rio Real,535.77,511.8,544.89,554.45,4.08
2927200,Ruy Barbosa,587.95,538.07,572.03,627.83,4.21
2927408,Salvador,573.35,544.15,569.89,617.75,4.54
2927705,Santa Cruz Cabrália,427.0,435.4,390.4,446.7,4.46
2928000,Santaluz,548.18,512.75,548.85,590.24,4.23
2928109,Santa Maria da Vitória,519.65,518.12,532.84,562.75,4.29
2928208,Santana,530.64,476.86,516.21,549.69,4.17
2928406,Santa Rita de Cássia,475.8,356.7,502.9,438.3,4.06
2928505,Santa Teresinha,558.3,465.9,495.8,416.9,4.36
2928604,Santo Amaro,510.91,489.05,535.69,517.86,4.42
2928703,Santo Antônio de Jesus,572.82,568.76,575.31,659.55,4.48
2928802,Santo Estêvão,487.08,461.88,516.32,538.95,4.5
2929107,São Felipe,523.47,505.86,529.8,567.89,4.16
2929206,São Francisco do Conde,356.05,430.25,501.25,421.6,4.56
2929503,São Sebastião do Passé,526.28,482.78,547.25,535.07,4.44
2929909,Seabra,568.52,556.78,565.5,650.88,4.46
2930105,Senhor do Bonfim,571.7,532.39,554.99,603.19,4.35
2930501,Serrinha,576.32,539.88,564.96,604.22,4.28
2930709,Simões Filho,516.08,499.22,530.79,556.41,4.5
2930766,Sítio do Quinto,474.1,351.6,452.2,451.8,4.04
2931004,Tanhaçu,420.8,,493.5,,4.32
2931350,Teixeira de Freitas,564.28,530.45,569.72,631.58,4.65
2931509,Teofilândia,582.76,537.9,568.99,630.39,4.08
2931707,Terra Nova,390.0,421.2,463.7,392.2,4.29
2931905,Tucano,557.77,520.53,561.45,599.49,4.3
2932408,Uibaí,534.23,508.48,546.85,517.35,4.25
2932705,Uruçuca,456.4,339.8,505.6,369.0,4.25
2932804,Utinga,613.8,585.23,601.1,582.6,4.07
2932903,Valença,553.21,526.02,562.62,605.72,4.25
2933000,Valente,581.96,539.0,559.33,615.34,4.45
2933208,Vera Cruz,520.97,504.68,531.98,549.03,4.39
2933307,Vitória da Conquista,574.95,542.03,568.9,629.68,4.66
2933604,Xique-Xique,553.75,519.98,539.24,563.75,4.18
3100203,Abaeté,571.0,580.23,595.77,690.13,4.98
3100302,Abre Campo,416.6,437.7,482.2,393.7,4.58
3100401,Acaiaca,440.57,404.43,463.6,390.6,4.76
3100906,Águas Formosas,550.7,530.15,554.15,537.7,4.47
3101508,Além Paraíba,558.18,547.71,562.75,617.11,4.72
3101607,Alfenas,564.23,570.01,560.23,662.82,5.2
3101706,Almenara,494.15,455.88,505.52,507.28,4.46
3101805,Alpercata,600.8,544.9,571.2,691.1,4.88
3101904,Alpinópolis,618.39,587.92,579.86,730.09,5.08
3102605,Andradas,584.25,574.9,578.72,657.69,5.1
3103405,Araçuaí,471.4,455.84,478.26,453.95,4.27
3103504,Araguari,569.15,549.35,568.2,594.95,5.04
3103702,Araponga,481.13,472.23,504.7,497.53,4.51
3104007,Araxá,582.47,555.27,582.76,628.19,5.3
3104205,Arcos,579.64,544.36,571.8,662.92,5.17
3104304,Areado,545.72,517.69,540.56,599.2,5.13
3104908,Baependi,589.42,570.53,576.67,612.6,4.61
3105103,Bambuí,586.22,558.46,573.34,634.67,4.97
3105400,Barão de Cocais,592.37,567.26,580.25,659.8,5.15
3105608,Barbacena,591.37,564.02,587.61,658.42,5.08
3105905,Barroso,560.0,547.07,544.27,658.48,5.14
3106002,Bela Vista de Minas,467.8,412.9,536.5,514.0,4.9
3106200,Belo Horizonte,619.01,589.01,597.19,709.42,5.16
3106309,Belo Oriente,413.2,421.8,484.6,386.9,4.8
3106507,Berilo,389.7,413.2,452.4,427.0,4.32
3106705,Betim,582.95,564.28,581.77,656.49,5.11
3106903,Bicas,611.93,550.97,586.03,685.47,5.08
3107109,Boa Esperança,561.87,571.58,569.93,698.63,5.05
3107307,Bocaiúva,576.38,527.02,552.42,613.31,4.46
3107406,Bom Despacho,539.63,570.6,551.71,676.91,5.16
3107703,Bom Jesus do Amparo,357.6,461.1,444.4,469.4,4.9
3108602,Brasília de Minas,555.87,529.63,568.6,625.87,4.32
3108909,Brazópolis,651.23,526.37,575.33,760.3,4.87
3109006,Brumadinho,607.88,553.24,589.1,631.47,5.24
3109303,Buritis,480.45,470.5,451.97,580.0,4.6
3109402,Buritizeiro,,,,,4.45
3109501,Cabo Verde,542.4,508.7,570.6,672.5,5.01
3109907,Caetanópolis,585.18,535.33,558.57,641.4,4.89
3110004,Caeté,626.99,598.51,606.74,728.61,5.1
3110301,Caldas,448.9,485.6,492.6,545.3,5.1
3110509,Camanducaia,608.68,533.44,574.54,663.12,5.1
3110608,Cambuí,638.22,611.54,621.28,717.94,5.34
3110707,Cambuquira,475.4,412.7,343.7,451.3,4.93
3110905,Campanha,612.76,578.11,587.95,704.74,4.91
3111101,Campina Verde,569.4,505.98,554.65,616.4,4.92
3111200,Campo Belo,578.8,568.79,572.6,674.81,5.14
3111309,Campo do Meio,474.6,,542.9,,4.98
3111606,Campos Gerais,533.49,524.87,533.23,614.52,4.84
3112000,Candeias,403.3,,508.6,,4.75
3112307,Capelinha,639.8,598.53,616.0,711.93,4.47
3112505,Capim Branco,613.3,535.2,611.4,587.9,4.98
3112703,Capitão Enéas,399.4,409.2,446.8,495.5,4.25
3113305,Carangola,536.96,543.18,541.82,652.13,4.67
3113404,Caratinga,606.74,562.97,583.38,669.17,4.72
3113602,Careaçu,,,,,5.04
3113701,Carlos Chagas,533.81,473.17,533.96,544.7,4.43
3114303,Carmo do Paranaíba,335.3,,407.9,,4.99
3114402,Carmo do Rio Claro,589.51,601.55,588.63,659.6,5.15
3114501,Carmópolis de Minas,623.8,606.1,583.5,742.85,5.04
3114550,Carneirinho,468.4,365.0,441.2,541.5,5.19
3115102,Cássia,668.1,652.0,623.73,777.6,5.13
3115300,Cataguases,577.38,570.67,576.56,646.09,4.9
3115508,Caxambu,601.4,562.58,582.03,682.37,5.03
3115805,Centralina,501.3,490.1,522.0,505.3,4.93
3117009,Comercinho,457.7,422.53,491.73,430.8,4.09
3117108,Conceição da Aparecida,360.1,494.2,476.2,458.0,4.99
3117306,Conceição das Alagoas,521.94,531.94,548.11,547.5,4.9
3117504,Conceição do Mato Dentro,577.2,556.87,586.03,721.8,4.59
3117801,Conceição dos Ouros,507.4,505.4,566.6,580.8,5.09
3118007,Congonhas,553.34,512.2,558.86,641.13,5.18
3118205,Conquista,397.6,407.7,458.2,379.25,5.19
3118304,Conselheiro Lafaiete,563.64,531.52,552.0,646.42,5.24
3118403,Conselheiro Pena,486.05,407.6,534.3,584.6,4.57
3118601,Contagem,590.92,564.31,582.15,669.12,5.18
3119104,Corinto,584.37,593.68,597.87,688.9,4.6
3119302,Coromandel,522.42,512.35,544.33,587.73,4.93
3119401,Coronel Fabriciano,590.13,554.02,579.04,685.15,5.0
3119500,Coronel Murta,485.5,438.0,519.3,543.8,4.27
3120805,Cruzília,538.3,550.7,549.8,587.1,5.01
3120904,Curvelo,589.35,565.35,571.05,690.34,4.87
3121100,Delfim Moreira,427.82,454.93,480.84,519.18,4.91
3121209,Delfinópolis,503.6,570.2,561.8,500.4,5.08
3121605,Diamantina,576.79,535.85,579.85,638.37,4.71
3121704,Diogo de Vasconcelos,490.9,379.3,438.2,381.6,4.37
3122306,Divinópolis,606.31,575.53,586.7,696.59,5.24
3122454,Divisópolis,521.45,470.25,483.3,432.3,4.46
3123205,Dores do Indaiá,553.16,554.71,570.09,647.71,4.94
3123601,Elói Mendes,513.8,450.3,555.2,425.1,5.03
3124005,Ervália,625.77,556.7,596.43,718.23,4.42
3124104,Esmeraldas,566.67,501.97,563.55,643.43,4.95
3124203,Espera Feliz,564.9,537.33,561.33,681.8,4.6
3125101,Extrema,584.16,560.45,599.5,624.97,5.28
3126109,Formiga,583.08,551.12,569.76,661.21,5.19
3126703,Francisco Sá,568.43,564.27,566.43,672.57,4.21
3126802,Frei Gaspar,405.2,370.2,375.8,433.8,4.26
3127107,Frutal,565.37,546.75,568.64,642.09,4.97
3127388,Goianá,494.8,409.2,453.2,454.1,5.29
3127503,Gonzaga,506.4,547.4,549.0,640.7,4.5
3127701,Governador Valadares,598.19,567.71,587.88,689.61,4.88
3128006,Guanhães,587.45,560.85,596.06,701.55,4.69
3128253,Guaraciama,347.8,481.4,575.7,592.8,4.42
3128600,Guarda-Mor,456.6,558.3,547.0,646.3,5.08
3128709,Guaxupé,594.68,557.44,584.15,628.99,5.04
3129301,Iapu,473.4,471.8,507.0,489.2,4.72
3129509,Ibiá,427.3,469.5,508.7,452.7,5.06
3129806,Ibirité,505.7,460.5,535.4,505.1,5.08
3130101,Igarapé,537.4,517.04,557.97,598.39,5.07
3130903,Inhapim,596.6,578.6,591.3,683.6,4.61
3131307,Ipatinga,624.23,606.75,599.51,731.28,5.14
3131505,Ipuiúna,523.8,506.8,552.65,629.7,4.9
3131703,Itabira,600.98,565.31,582.73,678.78,5.05
3131901,Itabirito,528.4,507.6,553.07,605.45,5.26
3132404,Itajubá,568.46,549.1,572.97,638.27,5.1
3132503,Itamarandiba,527.2,386.3,576.2,496.5,4.51
3132701,Itambacuri,452.8,387.7,467.9,440.9,4.37
3133006,Itamonte,568.36,527.77,573.08,594.03,5.1
3133105,Itanhandu,608.71,601.59,600.96,703.62,5.15
3133303,Itaobim,440.9,,469.1,,4.43
3133501,Itapecerica,634.35,618.23,617.08,753.65,4.85
3133600,Itapeva,484.5,488.7,509.5,450.9,5.25
3133758,Itaú de Minas,514.19,488.06,518.64,626.94,5.21
3133808,Itaúna,605.91,564.04,592.64,705.24,5.28
3134202,Ituiutaba,568.95,537.29,555.83,611.39,4.97
3134301,Itumirim,472.9,372.4,482.8,536.9,4.85
3134400,Iturama,546.41,541.32,563.65,539.7,4.95
3134608,Jaboticatubas,590.1,547.7,565.3,625.8,4.86
3134905,Jacutinga,579.11,550.94,571.45,625.58,5.03
3135050,Jaíba,444.0,406.5,513.6,426.3,4.29
3135076,Jampruca,496.3,538.4,516.6,594.0,4.16
3135100,Janaúba,581.04,545.24,564.5,635.91,4.48
3135209,Januária,577.0,521.33,568.9,545.86,4.22
3135803,Jequitinhonha,494.15,451.05,505.1,512.93,4.1
3136207,João Monlevade,594.96,574.79,581.09,690.67,5.15
3136306,João Pinheiro,509.81,533.79,522.4,562.16,4.68
3136652,Juatuba,418.2,521.1,481.1,612.5,5.06
3136702,Juiz de Fora,606.39,578.51,585.52,676.97,5.08
3137205,Lagoa da Prata,540.06,564.49,534.5,672.77,5.09
3137601,Lagoa Santa,599.2,576.27,580.98,680.8,5.22
3137700,Lajinha,603.5,571.8,589.8,649.7,4.64
3137809,Lambari,562.1,540.55,572.95,688.8,5.19
3138203,Lavras,586.24,577.42,577.91,687.27,5.1
3138401,Leopoldina,540.84,542.51,548.82,635.29,4.68
3138609,Lima Duarte,569.68,550.3,565.76,661.56,4.93
3138807,Luz,630.15,570.65,599.75,685.18,5.03
3139003,Machado,553.81,536.36,555.26,631.09,5.0
3139300,Manga,410.0,442.3,526.65,433.9,4.19
3139409,Manhuaçu,572.79,556.47,565.99,664.76,4.77
3139508,Manhumirim,620.7,573.16,597.64,676.08,4.78
3139607,Mantena,436.0,514.95,499.2,429.45,4.61
3139706,Maravilhas,365.6,349.9,403.0,509.4,4.81
3139904,Maria da Fé,587.37,551.53,573.58,682.32,4.89
3140001,Mariana,572.07,538.85,553.47,636.53,4.81
3140159,Mário Campos,,,,,5.13
3140704,Mateus Leme,537.7,518.15,525.2,595.4,5.01
3140902,Matipó,371.6,476.5,450.6,519.4,4.49
3141108,Matozinhos,641.7,630.85,598.9,721.9,4.98
3141603,Mercês,,,,,4.81
3142908,Monte Azul,373.4,392.5,459.5,446.9,4.43
3143104,Monte Carmelo,550.16,540.1,544.19,590.4,5.03
3143203,Monte Santo de Minas,593.12,573.05,584.8,743.97,4.97
3143302,Montes Claros,590.93,560.68,575.17,646.51,4.75
3143401,Monte Sião,580.88,584.23,586.36,692.58,5.1
3143906,Muriaé,546.99,541.41,547.15,621.49,4.84
3144003,Mutum,571.9,526.45,577.05,639.3,4.46
3144102,Muzambinho,581.26,576.66,577.5,673.71,5.12
3144300,Nanuque,495.0,531.94,515.04,486.5,4.63
3144508,Nazareno,,,,,5.01
3144607,Nepomuceno,538.35,539.12,534.53,628.17,4.83
3144706,Nova Era,583.92,575.94,598.5,683.76,4.96
3144805,Nova Lima,624.6,593.9,598.57,718.64,5.3
3145208,Nova Serrana,529.19,508.19,545.16,619.78,4.93
3145356,Novo Oriente de Minas,477.0,520.53,492.27,471.67,4.25
3145505,Olímpio Noronha,401.2,474.4,511.3,525.7,4.76
3145604,Oliveira,619.71,575.86,587.72,689.56,5.05
3145901,Ouro Branco,571.92,559.87,560.85,631.05,5.3
3146008,Ouro Fino,543.72,513.05,548.68,574.85,5.02
3146107,Ouro Preto,572.34,570.25,568.19,660.25,5.05
3146404,Paineiras,430.4,496.7,483.3,444.7,4.95
3146909,Papagaios,520.2,485.93,493.7,551.83,4.71
3147006,Paracatu,568.66,553.94,563.32,625.46,4.85
3147105,Pará de Minas,600.67,574.17,577.94,677.95,5.06
3147303,Paraisópolis,601.58,547.23,573.52,684.47,5.18
3147402,Paraopeba,553.46,566.3,571.1,632.06,4.79
3147600,Passa Quatro,656.3,587.05,621.65,696.0,4.99
3147907,Passos,574.58,537.78,574.3,621.49,5.15
3148004,Patos de Minas,601.14,568.75,588.98,652.14,5.11
3148103,Patrocínio,560.94,534.05,562.95,640.83,4.99
3148301,Paula Cândido,382.9,372.7,484.1,544.1,4.53
3148608,Peçanha,602.3,595.9,578.7,563.8,4.31
3149101,Pedralva,565.0,579.2,583.5,750.3,4.9
3149309,Pedro Leopoldo,548.22,550.3,551.08,659.77,5.19
3149606,Pequi,389.2,403.7,446.3,528.8,4.97
3149903,Perdões,558.95,545.03,547.45,605.55,5.17
3150307,Piedade do Rio Grande,332.4,,390.4,,4.75
3151008,Piranguinho,486.1,381.1,464.7,387.8,5.17
3151206,Pirapora,529.52,507.2,550.08,570.44,4.73
3151404,Pitangui,572.21,527.36,560.44,622.94,5.03
3151503,Piumhi,586.28,552.15,568.85,652.13,5.02
3151701,Poço Fundo,534.65,495.1,495.37,539.5,5.12
3151800,Poços de Caldas,605.3,578.84,591.44,683.68,5.34
3152006,Pompéu,616.25,618.78,603.15,768.63,4.79
3152105,Ponte Nova,576.75,545.24,570.77,640.02,4.97
3152204,Porteirinha,561.55,535.88,532.32,614.35,4.27
3152501,Pouso Alegre,601.04,585.25,593.19,698.19,5.28
3152808,Prata,449.37,437.68,470.98,479.03,5.02
3153905,Raposos,527.9,437.4,493.6,533.8,5.06
3154002,Raul Soares,593.61,557.33,563.96,600.24,4.65
3154606,Ribeirão das Neves,567.43,539.94,560.88,606.93,5.0
3154804,Rio Acima,457.1,378.2,530.6,504.4,5.11
3154903,Rio Casca,639.4,577.0,587.15,764.6,4.51
3155405,Rio Novo,493.7,459.4,509.8,462.6,4.79
3155801,Rio Pomba,537.5,524.9,490.35,686.1,4.92
3156700,Sabará,508.36,500.35,555.74,543.9,5.06
3156809,Sabinópolis,603.87,588.63,573.67,730.18,4.48
3156908,Sacramento,605.75,556.83,556.35,688.57,5.21
3157005,Salinas,579.81,548.3,569.57,656.01,4.44
3157203,Santa Bárbara,553.25,542.95,535.95,654.4,5.06
3157807,Santa Luzia,567.69,541.76,562.33,603.08,5.07
3158953,Santana do Paraíso,478.9,464.4,533.2,573.5,4.87
3159605,Santa Rita do Sapucaí,570.3,542.38,579.85,654.55,5.09
3159902,Santo Antônio do Amparo,594.4,576.9,604.67,633.93,4.82
3160405,Santo Antônio do Monte,542.27,489.5,557.13,559.3,5.34
3160702,Santos Dumont,535.25,534.75,560.05,617.95,4.88
3160801,São Bento Abade,,,,,4.76
3161007,São Domingos do Prata,556.6,449.2,571.3,592.6,4.75
3161106,São Francisco,453.3,393.4,443.2,431.7,4.13
3161304,São Francisco de Sales,527.0,425.4,526.1,479.3,4.94
3162005,São Gonçalo do Sapucaí,598.07,576.95,575.61,708.75,5.03
3162104,São Gotardo,553.09,540.16,564.78,607.19,4.9
3162252,São João da Lagoa,426.6,415.1,469.8,687.4,4.34
3162500,São João del Rei,602.74,568.62,580.69,687.1,5.15
3162906,São João Nepomuceno,619.94,571.42,590.06,724.49,5.01
3163706,São Lourenço,594.92,569.08,579.62,682.22,5.22
3163805,São Miguel do Anta,444.8,406.1,525.0,369.5,4.58
3164506,São Sebastião do Maranhão,,,,,4.23
3164605,São Sebastião do Oeste,327.7,452.3,512.6,457.1,4.81
3164704,São Sebastião do Paraíso,615.9,582.59,595.74,695.26,5.24
3165008,São Tiago,504.35,484.95,524.55,513.9,4.98
3165537,Sarzedo,456.3,415.5,479.1,512.5,5.34
3165578,Senador Amaral,,,,,4.98
3167103,Serro,534.65,463.95,548.6,603.45,4.36
3167202,Sete Lagoas,617.39,589.84,591.37,694.69,5.02
3167608,Simonésia,489.38,445.97,475.45,411.67,4.61
3167806,Soledade de Minas,,,,,4.93
3168002,Taiobeiras,528.86,520.77,533.73,553.79,4.51
3168200,Tapiraí,403.4,417.7,398.2,428.5,4.91
3168507,Teixeiras,389.1,389.1,489.9,525.5,4.83
3168606,Teófilo Otoni,598.22,557.16,582.5,669.73,4.55
3168705,Timóteo,606.75,573.68,572.51,685.09,5.11
3168903,Tiros,516.0,503.1,501.7,406.4,5.26
3169000,Tocantins,598.87,597.03,578.42,662.8,4.98
3169307,Três Corações,551.57,558.6,551.52,630.6,5.04
3169356,Três Marias,557.42,555.75,556.16,604.35,4.87
3169406,Três Pontas,583.47,556.21,561.01,663.38,5.03
3169604,Tupaciguara,558.14,538.48,564.12,696.18,4.99
3169901,Ubá,624.08,603.84,593.55,720.61,5.03
3170107,Uberaba,602.83,577.24,585.05,675.47,5.15
3170206,Uberlândia,596.26,569.93,582.3,664.26,5.27
3170404,Unaí,539.16,525.68,552.62,578.32,4.81
3170503,Urucânia,,,,,4.72
3170701,Varginha,603.11,575.12,583.54,685.79,5.28
3171006,Vazante,541.94,491.06,546.66,565.09,5.1
3171204,Vespasiano,605.91,545.85,586.14,678.69,5.12
3171303,Viçosa,588.04,580.47,575.75,684.72,4.95
3172004,Visconde do Rio Branco,535.35,494.4,490.6,522.68,4.96
3200102,Afonso Cláudio,411.2,396.1,507.5,432.9,4.85
3200201,Alegre,607.5,559.6,585.9,661.1,4.69
3200409,Anchieta,,,,,5.07
3200607,Aracruz,583.64,561.62,566.72,647.3,4.95
3200904,Barra de São Francisco,515.2,462.1,541.45,624.25,4.52
3201209,Cachoeiro de Itapemirim,567.3,556.76,561.96,654.16,4.99
3201308,Cariacica,556.21,519.65,557.36,596.93,4.9
3201407,Castelo,559.13,530.99,555.68,517.94,4.97
3201506,Colatina,566.38,551.63,554.61,620.35,4.92
3201902,Domingos Martins,462.7,520.1,444.45,502.8,4.94
3202108,Ecoporanga,488.9,426.4,505.5,488.4,4.48
3202306,Guaçuí,609.2,589.59,589.31,711.5,4.6
3202405,Guarapari,574.65,552.08,572.02,634.6,4.93
3202702,Itaguaçu,538.8,539.3,525.8,519.8,4.66
3203205,Linhares,554.96,533.02,557.93,628.56,4.79
3203320,Marataízes,527.48,517.9,537.4,525.62,4.8
3203353,Marilândia,376.9,,429.4,,4.9
3203403,Mimoso do Sul,439.3,469.08,440.27,480.45,4.66
3203502,Montanha,543.4,555.4,574.0,657.4,4.79
3203700,Muniz Freire,460.5,387.2,486.5,435.6,4.58
3203908,Nova Venécia,477.55,479.35,524.15,557.15,4.87
3204104,Pinheiros,487.4,414.8,329.7,594.8,4.77
3204252,Ponto Belo,441.2,421.6,405.8,458.5,4.61
3204351,Rio Bananal,559.3,521.45,546.1,537.05,4.94
3204559,Santa Maria de Jetibá,482.38,468.08,497.06,492.65,5.08
3204609,Santa Teresa,609.4,582.63,582.97,670.37,5.19
3204658,São Domingos do Norte,513.2,476.6,540.4,420.1,4.81
3204708,São Gabriel da Palha,491.55,492.6,536.45,549.95,4.8
3204906,São Mateus,567.7,548.76,563.12,653.66,4.77
3205002,Serra,558.97,536.43,555.76,622.12,4.96
3205069,Venda Nova do Imigrante,554.09,544.48,565.95,627.34,5.21
3205101,Viana,555.5,415.6,578.2,465.9,4.87
3205176,Vila Valério,376.8,,466.8,,4.76
3205200,Vila Velha,583.98,555.85,573.21,648.46,5.03
3205309,Vitória,602.63,578.84,586.86,687.54,5.02
3300100,Angra dos Reis,560.87,497.99,557.01,581.14,4.84
3300209,Araruama,583.92,557.49,571.88,637.73,4.63
3300233,Armação dos Búzios,596.58,551.49,555.27,634.68,4.97
3300258,Arraial do Cabo,503.63,462.87,531.5,611.47,4.79
3300308,Barra do Piraí,567.88,562.78,569.69,641.13,4.89
3300407,Barra Mansa,579.91,542.47,569.77,660.89,5.07
3300456,Belford Roxo,528.18,495.48,540.06,517.17,4.73
3300506,Bom Jardim,567.13,537.6,567.86,590.0,5.05
3300605,Bom Jesus do Itabapoana,502.53,483.48,556.08,608.35,4.72
3300704,Cabo Frio,570.16,541.58,565.41,627.71,4.92
3300803,Cachoeiras de Macacu,596.02,578.85,585.02,641.25,4.81
3301009,Campos dos Goytacazes,568.99,542.44,566.15,614.98,4.75
3301108,Cantagalo,569.03,572.72,599.6,607.03,4.94
3301207,Carmo,567.53,494.0,554.87,524.83,5.0
3301306,Casimiro de Abreu,571.93,557.93,581.35,623.53,4.99
3301405,Conceição de Macabu,577.97,571.08,555.55,659.66,4.75
3301504,Cordeiro,544.81,524.93,526.42,592.08,4.95
3301702,Duque de Caxias,538.01,508.23,545.81,565.52,4.79
3301850,Guapimirim,343.2,401.6,473.7,418.2,4.94
3301876,Iguaba Grande,562.02,552.76,577.59,599.54,5.01
3301900,Itaboraí,544.31,511.42,553.1,556.79,4.85
3302007,Itaguaí,539.05,513.61,547.38,593.11,4.84
3302106,Itaocara,586.41,567.28,575.86,663.26,4.91
3302205,Itaperuna,591.73,558.49,570.3,649.85,4.85
3302270,Japeri,559.5,579.5,558.9,497.6,4.6
3302403,Macaé,581.28,552.49,571.86,645.68,4.95
3302502,Magé,556.62,524.9,555.07,599.36,4.78
3302700,Maricá,569.91,529.11,571.85,608.68,5.03
3302858,Mesquita,526.99,516.37,525.76,567.62,4.8
3302908,Miguel Pereira,602.09,566.98,589.06,716.43,5.1
3303005,Miracema,588.9,562.65,585.28,635.08,4.7
3303203,Nilópolis,545.91,506.99,553.29,574.95,4.78
3303302,Niterói,594.02,560.13,582.77,660.65,4.95
3303401,Nova Friburgo,595.91,566.39,589.5,669.32,5.12
3303500,Nova Iguaçu,538.55,509.19,548.22,569.01,4.76
3303609,Paracambi,533.47,519.47,558.64,568.38,4.97
3303708,Paraíba do Sul,536.1,397.4,525.0,499.8,4.96
3303807,Paraty,564.3,526.56,544.45,599.83,4.8
3303856,Paty do Alferes,572.5,449.05,558.65,559.9,4.78
3303906,Petrópolis,578.71,549.68,569.41,639.36,5.04
3303955,Pinheiral,526.58,530.28,551.1,600.2,5.19
3304144,Queimados,526.26,511.13,549.65,581.75,4.68
3304201,Resende,597.18,563.44,586.34,661.63,5.1
3304300,Rio Bonito,568.37,549.82,565.65,601.26,4.8
3304409,Rio Claro,443.9,360.5,525.4,432.1,4.95
3304524,Rio das Ostras,568.41,549.1,568.82,623.61,5.15
3304557,Rio de Janeiro,583.87,550.93,576.49,646.32,4.88
3304706,Santo Antônio de Pádua,533.58,490.96,550.17,560.4,4.87
3304755,São Francisco de Itabapoana,570.15,511.85,540.0,571.65,4.67
3304805,São Fidélis,584.96,551.76,580.24,659.38,4.82
3304904,São Gonçalo,550.89,519.21,553.02,581.32,4.81
3305000,São João da Barra,457.0,468.9,479.7,488.3,4.87
3305109,São João de Meriti,539.78,507.37,547.22,570.14,4.76
3305158,São José do Vale do Rio Preto,,,,,5.03
3305208,São Pedro da Aldeia,577.89,535.55,564.27,597.62,4.93
3305505,Saquarema,571.45,549.61,569.35,624.13,4.91
3305554,Seropédica,518.45,493.21,532.29,557.76,4.96
3305752,Tanguá,470.1,,423.1,,4.85
3305802,Teresópolis,592.88,556.98,583.69,663.62,5.05
3306008,Três Rios,578.27,551.47,571.25,644.57,4.93
3306107,Valença,589.78,578.06,574.58,672.66,4.96
3306206,Vassouras,558.63,575.33,559.66,637.66,4.93
3306305,Volta Redonda,590.05,567.62,580.96,678.61,5.25
3500105,Adamantina,599.33,590.05,588.7,706.55,5.44
3500303,Aguaí,494.0,476.3,551.2,464.3,5.16
3500501,Águas de Lindóia,615.7,617.2,579.1,676.0,5.48
3500709,Agudos,547.44,510.19,559.1,605.31,5.24
3501004,Altinópolis,561.48,514.52,548.56,593.44,5.29
3501152,Alumínio,552.71,498.44,563.96,572.93,5.24
3501301,Álvares Machado,513.34,506.25,516.39,573.71,5.28
3501608,Americana,592.05,569.06,578.62,662.03,5.46
3501707,Américo Brasiliense,535.4,402.0,509.4,507.7,5.21
3501905,Amparo,586.06,556.07,581.48,647.93,5.36
3502101,Andradina,563.22,545.76,571.17,638.79,5.22
3502200,Angatuba,321.7,448.5,444.3,426.4,5.23
3502507,Aparecida,513.45,532.95,567.48,639.2,5.16
3502705,Apiaí,450.2,467.8,507.1,437.9,4.82
3502804,Araçatuba,571.3,546.89,569.52,626.45,5.32
3502903,Araçoiaba da Serra,508.13,468.03,499.1,542.83,5.32
3503208,Araraquara,572.4,551.26,571.87,617.31,5.4
3503307,Araras,581.71,559.29,579.29,665.94,5.44
3503802,Artur Nogueira,468.08,485.96,519.03,511.44,5.28
3503901,Arujá,558.88,551.19,574.07,620.07,5.31
3504008,Assis,574.82,549.79,577.21,650.17,5.4
3504107,Atibaia,592.06,570.8,586.42,683.5,5.31
3504206,Auriflama,579.83,572.23,582.48,664.12,5.18
3504404,Avanhandava,647.5,563.5,583.8,603.5,4.95
3504503,Avaré,589.22,550.97,569.12,643.74,5.32
3504602,Bady Bassitt,374.8,555.4,505.3,518.5,5.52
3505203,Bariri,599.53,572.46,579.8,682.1,5.29
3505302,Barra Bonita,547.93,538.74,546.65,623.3,5.4
3505500,Barretos,563.9,541.52,555.2,627.93,5.25
3505609,Barrinha,551.9,513.8,530.2,701.1,5.12
3505708,Barueri,592.94,574.49,582.23,675.8,5.34
3505807,Bastos,566.4,556.53,566.67,681.9,5.34
3505906,Batatais,565.08,555.06,569.06,641.42,5.23
3506003,Bauru,573.88,549.19,569.49,626.43,5.4
3506102,Bebedouro,563.42,535.22,559.69,604.45,5.35
3506359,Bertioga,544.93,539.92,560.4,570.88,4.98
3506508,Birigui,579.77,559.89,572.15,649.5,5.32
3506607,Biritiba Mirim,567.35,506.1,572.1,572.15,5.08
3507001,Boituva,566.79,546.73,563.66,626.59,5.36
3507159,Bom Sucesso de Itararé,466.8,,489.3,,4.8
3507506,Botucatu,586.58,562.69,583.59,647.03,5.34
3507605,Bragança Paulista,573.79,538.59,567.25,630.18,5.33
3507803,Brodowski,613.13,598.27,579.52,674.4,5.37
3507902,Brotas,606.32,567.4,579.98,664.63,5.27
3508306,Cabrália Paulista,482.5,440.8,528.3,496.7,5.13
3508405,Cabreúva,548.11,521.35,544.81,546.08,5.24
3508504,Caçapava,547.57,519.51,563.86,584.58,5.22
3508603,Cachoeira Paulista,516.41,478.22,528.57,563.85,5.03
3508702,Caconde,655.74,596.06,585.66,682.7,5.13
3508801,Cafelândia,490.6,488.9,555.6,422.4,5.14
3509007,Caieiras,552.58,528.66,559.26,592.4,5.31
3509205,Cajamar,509.27,485.25,522.05,586.29,5.15
3509254,Cajati,594.68,583.22,581.7,654.8,4.92
3509403,Cajuru,652.47,621.37,628.93,727.57,5.2
3509502,Campinas,590.02,566.44,582.87,662.5,5.35
3509601,Campo Limpo Paulista,551.91,510.31,558.34,573.59,5.39
3509700,Campos do Jordão,543.85,517.91,560.05,586.68,5.26
3510005,Cândido Mota,556.1,583.0,596.6,549.9,5.21
3510203,Capão Bonito,581.5,570.95,594.52,633.56,5.06
3510401,Capivari,593.65,570.72,573.36,563.32,5.39
3510500,Caraguatatuba,548.07,540.16,563.22,594.37,5.17
3510609,Carapicuíba,567.0,532.48,565.45,608.52,5.14
3510708,Cardoso,583.2,583.6,564.4,703.1,5.24
3510807,Casa Branca,567.46,547.14,554.04,630.99,5.26
3511102,Catanduva,577.59,554.79,578.2,645.18,5.31
3511409,Cerqueira César,553.48,541.0,569.28,631.4,5.25
3511508,Cerquilho,558.57,533.81,562.05,643.31,5.45
3512001,Colina,555.3,501.8,556.0,628.2,5.18
3512209,Conchal,516.9,517.4,536.35,476.9,5.18
3512308,Conchas,540.4,508.23,559.0,642.05,5.13
3512803,Cosmópolis,560.21,578.11,566.35,671.51,5.34
3512902,Cosmorama,462.9,,498.8,,5.22
3513009,Cotia,580.73,550.55,577.38,655.32,5.24
3513108,Cravinhos,567.96,576.29,570.39,649.82,5.4
3513405,Cruzeiro,555.39,532.98,560.28,612.28,5.06
3513504,Cubatão,523.64,484.18,544.99,575.45,5.11
3513603,Cunha,613.75,515.35,589.9,714.75,4.72
3513702,Descalvado,577.81,524.66,569.15,629.99,5.35
3513801,Diadema,534.13,505.45,551.57,577.33,5.13
3514106,Dois Córregos,554.08,497.7,538.16,604.74,5.15
3514403,Dracena,590.0,582.67,575.98,674.98,5.4
3514502,Duartina,583.42,587.08,564.18,635.52,5.32
3514601,Dumont,523.1,437.5,496.4,547.7,4.97
3514809,Eldorado,452.0,457.7,450.9,519.6,4.68
3514908,Elias Fausto,556.4,495.0,554.2,619.5,5.27
3515004,Embu das Artes,558.19,514.15,565.18,561.69,5.14
3515103,Embu-Guaçu,535.32,499.74,535.97,577.33,5.13
3515152,Engenheiro Coelho,584.44,545.84,581.19,627.83,5.14
3515186,Espírito Santo do Pinhal,602.52,581.3,590.74,699.75,5.34
3515202,Estrela d'Oeste,540.9,481.6,586.6,606.0,5.41
3515400,Fartura,583.55,571.37,566.51,653.12,5.14
3515509,Fernandópolis,561.64,560.24,560.5,630.69,5.36
3515707,Ferraz de Vasconcelos,527.82,498.77,541.42,546.16,5.17
3516200,Franca,574.39,547.99,574.7,650.3,5.36
3516309,Francisco Morato,505.94,498.31,533.71,492.99,5.02
3516408,Franco da Rocha,526.04,510.06,532.13,578.59,5.19
3516507,Gabriel Monteiro,465.7,391.6,445.6,411.8,5.55
3516705,Garça,563.63,551.13,565.74,617.82,5.2
3516903,General Salgado,538.9,574.5,558.8,635.3,5.09
3517208,Guaiçara,494.2,481.5,531.7,554.1,5.26
3517406,Guaíra,574.21,564.21,567.22,639.43,5.3
3517703,Guará,553.38,536.93,557.63,620.3,5.11
3517802,Guaraçaí,335.3,419.7,445.5,418.7,5.23
3518206,Guararapes,551.72,529.41,562.63,598.6,5.15
3518305,Guararema,442.6,461.7,487.1,409.4,5.23
3518404,Guaratinguetá,574.1,547.02,574.06,625.65,5.29
3518602,Guariba,555.6,137.43,524.85,150.0,5.22
3518701,Guarujá,544.83,517.63,550.16,587.47,4.94
3518800,Guarulhos,564.95,539.84,565.85,623.66,5.19
3519055,Holambra,590.35,591.74,585.62,706.8,5.31
3519071,Hortolândia,553.68,525.58,557.96,606.0,5.36
3519105,Iacanga,448.0,465.6,511.9,491.3,5.31
3519402,Ibirá,,,,,5.21
3519600,Ibitinga,512.43,516.19,538.98,543.16,5.23
3519709,Ibiúna,540.3,536.19,551.68,598.96,5.03
3520004,Igaraçu do Tietê,587.63,577.52,578.35,652.98,5.13
3520103,Igarapava,533.08,533.8,555.31,633.94,5.14
3520301,Iguape,561.4,505.9,567.47,534.23,4.85
3520400,Ilhabela,553.44,516.55,560.1,640.5,4.96
3520426,Ilha Comprida,488.55,464.05,482.8,469.45,5.1
3520442,Ilha Solteira,597.07,587.63,588.65,704.45,5.47
3520509,Indaiatuba,591.58,560.06,578.68,645.65,5.49
3520905,Ipaussu,596.19,574.25,596.11,684.43,5.16
3521309,Ipuã,545.88,563.1,574.3,646.9,4.98
3521606,Irapuru,448.7,443.3,507.7,403.4,5.14
3521804,Itaí,548.07,513.0,512.27,482.97,5.12
3521903,Itajobi,512.37,483.5,498.6,556.69,5.29
3522109,Itanhaém,490.53,488.1,507.89,553.84,5.13
3522208,Itapecerica da Serra,560.5,535.06,558.56,614.43,5.14
3522307,Itapetininga,578.08,557.26,568.17,634.95,5.23
3522406,Itapeva,581.49,553.17,578.54,635.32,4.95
3522505,Itapevi,478.11,474.16,491.56,520.49,5.12
3522604,Itapira,555.77,536.54,560.46,603.27,5.3
3522703,Itápolis,572.01,569.16,563.94,631.38,5.23
3522802,Itaporanga,532.0,534.6,587.2,621.9,5.02
3523107,Itaquaquecetuba,573.28,546.88,555.25,623.92,5.12
3523206,Itararé,522.37,512.93,540.52,595.15,5.01
3523404,Itatiba,574.89,561.34,574.79,662.65,5.46
3523602,Itirapina,532.5,530.2,543.2,551.0,5.21
3523909,Itu,583.17,561.26,570.44,646.86,5.33
3524006,Itupeva,565.51,542.98,568.75,616.27,5.33
3524105,Ituverava,582.01,556.38,581.05,641.73,5.22
3524303,Jaboticabal,564.65,551.72,571.7,626.36,5.31
3524402,Jacareí,557.87,530.67,559.47,596.92,5.32
3524709,Jaguariúna,578.94,568.66,577.14,637.89,5.37
3524808,Jales,582.67,584.81,578.09,673.86,5.44
3525003,Jandira,558.66,537.16,558.61,584.97,5.15
3525102,Jardinópolis,528.37,519.94,550.34,572.86,5.19
3525201,Jarinu,489.74,551.66,563.6,661.62,5.21
3525300,Jaú,576.33,555.35,577.4,647.59,5.37
3525706,José Bonifácio,555.83,539.09,559.59,624.84,5.17
3525904,Jundiaí,578.09,554.4,572.55,653.88,5.49
3526001,Junqueirópolis,552.6,516.95,560.6,599.9,5.44
3526100,Juquiá,562.82,514.1,541.44,625.22,4.82
3526209,Juquitiba,542.1,516.47,548.95,603.05,4.98
3526407,Laranjal Paulista,506.8,420.0,553.2,553.8,5.19
3526704,Leme,559.52,553.73,565.18,624.2,5.23
3526803,Lençóis Paulista,572.38,550.58,574.54,635.62,5.43
3526902,Limeira,570.47,553.27,568.62,637.29,5.4
3527108,Lins,557.87,535.71,564.43,625.61,5.38
3527207,Lorena,583.12,547.02,573.29,630.21,5.21
3527306,Louveira,387.5,381.9,420.4,520.1,5.35
3527900,Lutécia,593.5,504.4,603.7,625.4,5.29
3528205,Macedônia,,,,,5.05
3528403,Mairinque,576.66,538.59,561.91,584.51,5.21
3528502,Mairiporã,499.02,515.53,499.17,573.95,5.19
3528809,Maracaí,551.8,510.6,515.7,702.5,5.17
3529005,Marília,574.78,557.51,564.29,644.83,5.36
3529203,Martinópolis,561.56,548.48,568.9,645.56,5.14
3529302,Matão,561.7,534.2,560.06,613.84,5.34
3529401,Mauá,554.2,521.36,560.79,595.84,5.2
3530102,Mirandópolis,562.44,513.43,569.61,616.64,5.24
3530201,Mirante do Paranapanema,410.6,400.0,453.3,548.3,4.98
3530300,Mirassol,502.75,572.6,489.3,646.39,5.37
3530508,Mococa,566.29,540.87,558.2,627.5,5.25
3530607,Mogi das Cruzes,567.79,548.55,572.12,643.29,5.22
3530706,Mogi Guaçu,584.11,560.92,578.78,658.14,5.38
3530805,Mogi Mirim,604.78,583.64,581.09,693.77,5.45
3531100,Mongaguá,485.4,510.17,568.63,578.2,5.21
3531209,Monte Alegre do Sul,555.5,565.7,557.8,521.6,5.49
3531308,Monte Alto,537.87,527.22,546.8,571.21,5.34
3531407,Monte Aprazível,546.08,554.06,560.16,637.89,5.24
3531506,Monte Azul Paulista,,,,,5.32
3531803,Monte Mor,597.7,542.1,578.25,522.6,5.33
3532603,Nhandeara,558.3,546.73,572.9,565.47,5.29
3533007,Nova Granada,574.24,537.34,562.97,582.23,5.18
3533403,Nova Odessa,523.61,502.82,544.79,578.75,5.58
3533502,Novo Horizonte,570.14,558.94,582.78,652.85,5.29
3533908,Olímpia,616.99,575.88,585.65,688.41,5.36
3534302,Orlândia,564.27,543.31,559.21,631.5,5.41
3534401,Osasco,572.74,541.34,570.92,621.95,5.16
3534609,Osvaldo Cruz,553.55,503.07,560.0,550.37,5.37
3534708,Ourinhos,591.0,572.69,583.51,653.8,5.25
3535101,Palmares Paulista,449.1,466.0,460.6,431.5,5.04
3535200,Palmeira d'Oeste,556.55,499.2,560.6,598.25,5.24
3535309,Palmital,535.77,522.49,538.77,601.57,5.24
3535507,Paraguaçu Paulista,572.21,527.87,565.6,616.34,5.25
3535804,Paranapanema,596.98,568.68,598.9,700.55,5.11
3536208,Pariquera-Açu,530.13,512.23,519.25,562.4,4.91
3536505,Paulínia,568.6,540.65,550.74,612.62,5.61
3536703,Pederneiras,565.52,556.73,561.42,644.32,5.25
3537107,Pedreira,509.3,498.69,529.1,547.43,5.36
3537206,Pedro de Toledo,386.8,349.8,469.5,472.4,4.92
3537305,Penápolis,574.02,547.56,567.45,628.67,5.24
3537404,Pereira Barreto,558.35,568.64,573.67,657.16,5.29
3537602,Peruíbe,567.48,544.1,562.71,629.6,5.03
3537800,Piedade,632.75,597.57,593.93,681.7,5.08
3537909,Pilar do Sul,594.22,554.12,593.16,646.76,5.25
3538006,Pindamonhangaba,583.38,559.48,574.64,646.16,5.25
3538600,Piracaia,646.1,570.45,616.45,674.4,5.13
3538709,Piracicaba,578.36,555.46,571.86,647.33,5.38
3538808,Piraju,603.71,563.48,594.3,685.93,5.28
3538907,Pirajuí,524.6,524.4,584.1,718.0,5.24
3539004,Pirangi,,,,,5.29
3539202,Pirapozinho,543.69,438.9,563.2,480.53,5.26
3539301,Pirassununga,590.11,578.34,580.97,661.84,5.38
3539400,Piratininga,542.2,552.58,511.53,602.68,5.4
3539509,Pitangueiras,538.24,503.55,551.71,598.43,5.08
3539806,Poá,468.11,483.56,518.63,572.06,5.32
3540002,Pompéia,584.08,557.27,588.65,645.01,5.36
3540101,Pongaí,,,,,5.15
3540200,Pontal,549.4,543.74,552.78,612.38,4.9
3540606,Porto Feliz,524.8,545.12,571.82,598.18,5.36
3540705,Porto Ferreira,574.02,565.8,576.94,621.59,5.25
3540804,Potirendaba,586.3,571.6,557.1,717.6,5.33
3541000,Praia Grande,561.1,528.77,564.72,602.7,5.19
3541208,Presidente Bernardes,623.07,584.26,601.86,641.67,5.25
3541307,Presidente Epitácio,519.7,479.81,532.29,554.48,5.19
3541406,Presidente Prudente,572.97,556.7,569.28,644.11,5.41
3541505,Presidente Venceslau,558.73,554.94,569.89,621.08,5.33
3541604,Promissão,544.41,547.34,540.19,607.72,5.27
3541703,Quatá,562.54,558.9,563.2,609.64,5.27
3542107,Rafard,,,,,5.27
3542206,Rancharia,492.7,471.93,494.13,458.17,5.28
3542404,Regente Feijó,572.02,525.86,566.43,625.44,5.3
3542602,Registro,555.02,532.51,559.29,596.68,4.98
3542909,Ribeirão Bonito,594.0,568.0,599.67,501.35,5.17
3543303,Ribeirão Pires,534.56,511.16,555.78,575.18,5.37
3543402,Ribeirão Preto,585.4,571.05,576.61,658.62,5.28
3543907,Rio Claro,581.38,566.19,580.01,654.73,5.33
3544004,Rio das Pedras,439.2,502.0,566.5,430.3,5.41
3544202,Riolândia,540.14,527.78,539.66,645.06,4.9
3544251,Rosana,576.56,534.54,586.94,655.72,5.0
3544301,Roseira,455.6,431.0,531.6,447.4,5.14
3545159,Saltinho,534.35,484.45,568.9,418.4,5.77
3545209,Salto,583.15,570.07,579.91,666.89,5.43
3545308,Salto de Pirapora,468.04,459.42,504.36,462.5,5.17
3545506,Sandovalina,372.3,356.0,411.7,490.5,5.04
3545605,Santa Adélia,561.7,582.93,569.8,700.06,5.34
3545803,Santa Bárbara d'Oeste,534.35,505.25,540.25,569.99,5.43
3546306,Santa Cruz das Palmeiras,581.22,565.83,578.39,634.83,5.09
3546405,Santa Cruz do Rio Pardo,560.45,539.19,567.99,610.25,5.24
3546603,Santa Fé do Sul,511.25,534.83,534.11,644.87,5.32
3546801,Santa Isabel,528.16,530.96,532.0,517.1,5.15
3547304,Santana de Parnaíba,575.89,549.62,575.53,658.17,5.31
3547502,Santa Rita do Passa Quatro,602.99,573.41,578.22,673.74,5.37
3547601,Santa Rosa de Viterbo,549.28,554.56,557.74,585.99,5.27
3547700,Santo Anastácio,542.48,503.39,547.79,578.85,5.15
3547809,Santo André,578.48,550.47,575.35,641.31,5.37
3548302,Santo Expedito,505.2,502.6,547.9,497.8,5.29
3548500,Santos,566.66,543.19,570.9,625.96,5.1
3548609,São Bento do Sapucaí,550.0,499.95,552.8,572.75,5.3
3548708,São Bernardo do Campo,583.05,555.35,580.8,655.42,5.36
3548807,São Caetano do Sul,589.45,561.55,581.66,676.08,5.65
3548906,São Carlos,585.54,564.71,577.29,654.99,5.41
3549102,São João da Boa Vista,580.51,561.71,577.52,659.27,5.38
3549409,São Joaquim da Barra,530.88,508.96,528.09,516.44,5.29
3549706,São José do Rio Pardo,592.09,572.73,578.41,667.35,5.44
3549805,São José do Rio Preto,587.0,566.55,580.17,661.83,5.36
3549904,São José dos Campos,598.14,572.78,585.26,676.77,5.4
3549953,São Lourenço da Serra,537.0,517.6,574.4,545.8,5.02
3550100,São Manuel,546.51,560.99,554.02,612.76,5.27
3550308,São Paulo,585.85,555.7,579.53,655.91,5.13
3550407,São Pedro,605.86,569.93,585.69,652.19,5.35
3550506,São Pedro do Turvo,,,,,5.11
3550605,São Roque,542.65,527.61,556.37,609.63,5.31
3550704,São Sebastião,575.37,536.34,568.95,606.06,5.06
3550803,São Sebastião da Grama,572.7,561.05,569.45,589.9,5.13
3550902,São Simão,495.64,490.37,525.97,603.51,5.3
3551009,São Vicente,529.01,506.14,551.78,568.73,5.01
3551306,Sebastianópolis do Sul,530.4,378.0,516.9,420.3,5.35
3551504,Serrana,582.93,532.68,560.33,589.88,5.14
3551603,Serra Negra,562.43,611.23,571.97,682.0,5.29
3551702,Sertãozinho,564.06,556.82,565.38,621.68,5.33
3552106,Socorro,583.49,555.62,570.8,625.02,5.27
3552205,Sorocaba,578.35,560.11,572.89,655.44,5.43
3552403,Sumaré,548.66,532.52,550.84,628.43,5.32
3552502,Suzano,550.65,529.05,560.54,601.65,5.22
3552601,Tabapuã,478.2,506.7,538.5,629.5,5.14
3552700,Tabatinga,469.33,471.96,498.13,533.47,5.16
3552809,Taboão da Serra,561.25,534.63,568.51,634.36,5.24
3553302,Tambaú,546.61,535.44,559.0,586.37,5.15
3553401,Tanabi,650.85,637.63,617.83,749.7,5.18
3553609,Tapiratiba,555.6,516.17,552.8,572.8,5.28
3553708,Taquaritinga,576.93,559.42,577.82,653.48,5.25
3553807,Taquarituba,561.29,543.99,557.87,627.96,5.06
3553906,Tarabai,433.3,462.5,543.8,537.7,5.15
3554003,Tatuí,570.19,555.32,574.24,645.53,5.28
3554102,Taubaté,571.95,549.34,572.62,641.71,5.34
3554300,Teodoro Sampaio,564.2,513.55,547.78,650.55,5.05
3554508,Tietê,598.94,580.03,591.64,683.0,5.37
3554805,Tremembé,578.91,530.08,564.45,557.51,5.25
3555000,Tupã,572.85,568.35,568.67,594.59,5.36
3555109,Tupi Paulista,584.72,561.78,564.86,648.96,5.41
3555406,Ubatuba,580.64,530.09,577.23,610.41,5.0
3555604,Uchoa,526.2,415.9,507.8,470.4,5.3
3556008,Urupês,597.94,546.46,576.24,611.14,5.33
3556107,Valentim Gentil,551.9,544.4,577.3,678.8,5.21
3556206,Valinhos,619.02,601.8,602.28,719.21,5.42
3556305,Valparaíso,533.85,494.35,521.25,627.35,5.06
3556354,Vargem,400.5,375.3,478.0,412.7,5.27
3556404,Vargem Grande do Sul,554.56,499.14,532.9,589.26,5.27
3556453,Vargem Grande Paulista,577.94,578.05,574.99,635.23,5.33
3556503,Várzea Paulista,545.0,517.46,533.86,595.08,5.29
3556701,Vinhedo,587.47,565.35,582.35,648.66,5.53
3556800,Viradouro,547.75,523.59,547.69,634.39,5.18
3557006,Votorantim,548.91,524.47,565.66,615.16,5.35
3557105,Votuporanga,576.14,559.1,576.74,651.09,5.32
4100509,Altônia,523.45,493.85,517.9,570.53,5.14
4100707,Alto Piquiri,,,,,5.05
4100806,Alvorada do Sul,580.95,570.25,583.9,581.55,5.19
4101002,Ampére,639.9,564.3,604.2,660.9,5.25
4101101,Andirá,442.5,431.8,462.85,608.5,5.15
4101408,Apucarana,560.69,532.51,562.63,620.57,5.28
4101507,Arapongas,554.39,558.46,553.16,645.79,5.32
4101606,Arapoti,569.97,504.47,558.33,561.76,5.06
4101804,Araucária,544.05,532.73,550.71,611.66,5.34
4101903,Assaí,383.9,417.9,453.5,395.3,5.36
4102000,Assis Chateaubriand,583.15,511.2,580.27,554.6,5.26
4102109,Astorga,316.7,460.6,512.2,428.5,5.24
4102406,Bandeirantes,546.22,537.22,564.45,583.53,5.23
4102505,Barbosa Ferraz,594.5,449.4,545.6,625.1,4.75
4102752,Bela Vista da Caroba,,,,,4.92
4103024,Boa Esperança do Iguaçu,450.7,472.5,463.1,543.7,5.25
4103057,Boa Vista da Aparecida,557.3,540.6,540.8,535.3,4.98
4103354,Braganey,474.0,548.53,524.15,551.05,5.08
4103453,Cafelândia,525.5,389.1,531.2,519.3,5.28
4103602,Cambará,584.23,536.2,572.1,611.7,5.17
4103701,Cambé,541.01,515.12,541.72,583.89,5.35
4104006,Campina Grande do Sul,505.28,484.24,540.45,565.76,5.11
4104204,Campo Largo,579.69,549.95,571.83,623.14,5.31
4104303,Campo Mourão,583.89,556.91,579.27,632.43,5.24
4104501,Capanema,397.9,349.9,432.2,361.5,5.34
4104600,Capitão Leônidas Marques,480.59,418.39,517.18,469.74,5.13
4104659,Carambeí,532.2,537.5,574.4,549.4,5.16
4104808,Cascavel,567.12,555.32,566.71,635.87,5.38
4104907,Castro,558.91,544.54,549.26,611.98,5.12
4105409,Chopinzinho,494.0,371.3,522.8,394.2,5.17
4105508,Cianorte,576.67,565.38,578.0,673.1,5.31
4105805,Colombo,550.19,544.71,566.48,616.06,5.38
4105904,Colorado,445.3,396.3,471.4,438.2,5.2
4106308,Corbélia,334.5,496.4,562.1,533.9,5.26
4106407,Cornélio Procópio,565.58,541.16,575.45,638.66,5.32
4106902,Curitiba,593.39,574.66,582.14,668.62,5.52
4107207,Dois Vizinhos,549.45,516.88,563.33,650.04,5.32
4107603,Faxinal,612.95,560.98,602.97,699.4,4.95
4107652,Fazenda Rio Grande,489.76,546.62,489.81,608.04,5.27
4108304,Foz do Iguaçu,570.5,556.45,568.08,640.97,5.29
4108403,Francisco Beltrão,557.4,557.99,554.76,633.19,5.36
4108601,Goioerê,547.05,537.98,557.65,665.19,5.2
4108809,Guaíra,567.13,473.87,550.78,624.13,5.04
4108957,Guamiranga,576.0,514.4,524.1,438.6,4.91
4109005,Guapirama,,,,,5.03
4109401,Guarapuava,569.15,555.12,566.99,607.3,5.12
4109609,Guaratuba,539.67,545.51,563.39,622.11,5.1
4109708,Ibaiti,582.9,589.85,596.5,649.65,5.02
4109757,Ibema,597.6,474.0,595.8,511.6,4.73
4109807,Ibiporã,554.35,529.42,552.72,608.02,5.32
4110102,Imbituva,540.3,508.3,379.4,475.2,5.07
4110607,Iporã,514.1,518.5,519.2,379.7,4.96
4110706,Irati,507.35,485.8,522.37,551.5,5.21
4111258,Itaperuçu,548.8,457.73,571.97,598.8,4.88
4111506,Ivaiporã,543.83,527.76,552.99,581.05,5.2
4111555,Ivaté,456.0,408.7,418.6,440.0,4.94
4111605,Ivatuba,523.55,490.04,541.36,549.28,5.32
4111803,Jacarezinho,565.83,548.86,582.1,599.06,5.08
4111902,Jaguapitã,397.1,,427.6,,5.16
4112009,Jaguariaíva,572.35,520.5,561.62,619.32,5.05
4112108,Jandaia do Sul,441.12,454.15,475.96,493.23,5.22
4112751,Jesuítas,397.9,393.3,460.1,506.9,5.08
4113205,Lapa,,,,,5.21
4113304,Laranjeiras do Sul,565.95,563.27,575.5,705.77,5.14
4113502,Loanda,505.73,486.55,503.37,540.7,5.11
4113700,Londrina,586.37,568.69,576.86,660.35,5.37
4113734,Luiziana,,,,,4.96
4113809,Lupionópolis,519.5,556.9,553.4,564.4,5.03
4114104,Mandaguaçu,515.53,516.03,538.73,590.64,5.24
4114203,Mandaguari,378.87,460.4,460.97,520.5,5.26
4114609,Marechal Cândido Rondon,566.29,549.3,563.22,650.88,5.35
4114807,Marialva,515.22,537.47,530.47,608.2,5.24
4115200,Maringá,580.08,564.66,575.71,647.45,5.5
4115606,Matelândia,608.7,649.9,603.6,728.8,5.16
4115705,Matinhos,488.1,479.25,499.35,403.75,5.27
4115804,Medianeira,522.05,469.05,492.1,459.45,5.35
4116208,Morretes,675.8,598.5,700.3,632.4,5.07
4116604,Nova América da Colina,475.1,431.5,491.1,396.2,5.11
4116901,Nova Esperança,639.8,579.4,600.3,632.6,5.14
4117305,Ortigueira,479.4,451.3,540.1,565.7,4.73
4117602,Palmas,595.87,549.18,578.79,635.92,5.0
4117701,Palmeira,568.47,515.18,555.32,652.23,5.27
4117909,Palotina,601.19,556.64,586.19,674.57,5.31
4118105,Paranacity,445.3,438.4,462.6,386.7,5.1
4118204,Paranaguá,538.65,523.01,556.15,579.23,5.14
4118402,Paranavaí,538.45,526.14,548.68,592.45,5.25
4118501,Pato Branco,579.47,566.15,579.19,670.35,5.34
4119152,Pinhais,551.76,509.39,553.95,576.52,5.44
4119301,Pinhão,448.6,461.5,519.7,543.1,4.62
4119400,Piraí do Sul,595.9,511.45,575.0,513.45,5.09
4119509,Piraquara,565.6,470.7,566.9,543.1,5.26
4119608,Pitanga,514.24,494.37,516.58,574.5,4.93
4119806,Planalto,542.1,361.1,486.2,465.2,5.24
4119905,Ponta Grossa,597.15,576.72,577.54,654.72,5.23
4119954,Pontal do Paraná,573.03,529.8,550.57,536.1,5.27
4120002,Porecatu,564.65,555.25,558.62,629.22,5.17
4120606,Prudentópolis,588.54,541.38,579.67,678.48,4.89
4120804,Quatro Barras,563.42,533.4,569.8,611.17,5.38
4120853,Quatro Pontes,,,,,5.6
4120903,Quedas do Iguaçu,638.7,619.0,587.1,768.0,5.01
4121406,Realeza,602.0,584.5,601.1,710.35,5.32
4121901,Ribeirão do Pinhal,545.6,565.4,529.5,653.7,4.99
4122206,Rio Branco do Sul,415.5,368.8,515.2,404.7,5.0
4122305,Rio Negro,581.96,536.04,572.33,623.98,5.26
4122404,Rolândia,572.94,566.84,572.86,645.62,5.26
4122602,Rondon,571.9,501.5,566.2,424.5,5.15
4123907,Santa Mariana,447.9,,517.4,,5.05
4124053,Santa Terezinha de Itaipu,569.87,535.77,579.73,591.53,5.28
4124103,Santo Antônio da Platina,536.75,525.56,554.31,605.99,5.04
4125001,São João do Ivaí,403.4,344.3,439.4,426.1,4.92
4125506,São José dos Pinhais,574.48,541.24,574.27,621.57,5.42
4125605,São Mateus do Sul,557.32,558.78,549.98,628.23,5.08
4125704,São Miguel do Iguaçu,533.97,538.03,526.41,640.53,5.14
4126256,Sarandi,566.53,501.23,551.8,593.2,5.22
4126504,Sertanópolis,510.69,487.48,541.66,588.46,5.2
4127007,Teixeira Soares,,,,,5.13
4127106,Telêmaco Borba,536.19,501.12,555.4,540.97,5.16
4127205,Terra Boa,457.0,348.0,508.5,399.4,5.2
4127304,Terra Rica,515.35,563.25,508.8,583.95,5.04
4127502,Tibagi,549.8,546.2,584.7,487.2,4.98
4127601,Tijucas do Sul,525.2,455.4,528.5,437.3,5.22
4127700,Toledo,578.05,564.74,571.89,653.47,5.46
4127809,Tomazina,621.13,581.4,587.9,674.17,4.9
4128005,Ubiratã,479.5,462.4,544.6,554.7,5.23
4128104,Umuarama,572.36,550.42,570.79,635.7,5.34
4128203,União da Vitória,509.93,473.94,543.36,563.36,5.15
4128500,Wenceslau Braz,586.2,566.36,567.42,670.06,4.9
4128708,Vitorino,502.3,403.6,518.4,582.5,5.27
4200101,Abelardo Luz,455.1,487.1,441.3,399.2,5.03
4200804,Anchieta,583.9,540.0,569.0,537.9,5.2
4201000,Anita Garibaldi,371.8,399.3,427.9,359.8,5.12
4201208,Antônio Carlos,536.4,539.5,538.8,544.2,6.02
4201307,Araquari,562.97,553.47,561.26,646.96,5.41
4201406,Araranguá,586.79,571.29,569.04,664.5,5.32
4201703,Ascurra,,,,,5.38
4202008,Balneário Camboriú,595.24,564.23,580.37,661.32,5.45
4202305,Biguaçu,538.42,491.28,544.0,585.96,5.37
4202404,Blumenau,590.23,568.08,581.42,670.24,5.54
4202453,Bombinhas,415.5,392.9,472.4,518.1,5.49
4202800,Braço do Norte,475.7,419.83,505.57,463.27,5.49
4202909,Brusque,596.86,568.24,577.43,667.59,5.55
4203006,Caçador,610.3,567.35,593.69,680.83,5.25
4203204,Camboriú,564.64,542.4,574.34,602.41,5.31
4203600,Campos Novos,572.95,505.75,565.75,600.6,5.41
4203709,Canelinha,569.16,517.94,562.26,623.74,5.24
4203808,Canoinhas,605.7,555.7,581.3,515.1,5.17
4203956,Capivari de Baixo,552.1,387.7,543.8,404.2,5.51
4204202,Chapecó,589.07,569.59,579.14,677.84,5.38
4204251,Cocal do Sul,550.95,513.45,543.0,556.75,5.6
4204301,Concórdia,582.02,537.69,578.95,637.6,5.55
4204608,Criciúma,574.79,545.62,573.92,651.14,5.46
4204806,Curitibanos,616.01,555.76,592.58,624.67,5.29
4205407,Florianópolis,598.15,575.97,583.77,678.43,5.33
4205456,Forquilhinha,410.0,429.7,432.1,486.55,5.42
4205506,Fraiburgo,590.78,566.56,589.26,671.78,5.32
4205803,Garuva,490.5,509.0,525.1,483.5,5.33
4205902,Gaspar,535.43,546.91,549.51,622.78,5.52
4206751,Ibiam,451.8,,486.1,,5.33
4207007,Içara,474.7,409.0,508.1,419.3,5.58
4207304,Imbituba,540.17,558.28,547.7,609.23,5.42
4207502,Indaial,580.89,556.96,578.33,670.77,5.62
4208104,Itaiópolis,482.47,458.97,499.97,572.0,5.3
4208203,Itajaí,564.67,540.04,564.65,639.58,5.43
4208302,Itapema,559.3,553.09,566.56,615.34,5.51
4208401,Itapiranga,675.35,637.55,614.75,780.05,5.5
4208807,Jaguaruna,421.7,384.0,409.2,654.4,5.49
4208906,Jaraguá do Sul,590.68,578.9,586.05,675.29,5.59
4209003,Joaçaba,555.46,521.09,551.05,626.24,5.52
4209102,Joinville,591.24,562.74,583.71,663.28,5.56
4209300,Lages,571.72,549.99,569.79,633.6,5.41
4209409,Laguna,577.01,534.55,565.92,604.1,5.33
4210100,Mafra,600.53,579.26,582.5,642.32,5.31
4210506,Maravilha,640.2,657.3,664.0,604.3,5.47
4210605,Massaranduba,567.4,529.9,566.5,533.3,5.69
4211306,Navegantes,547.25,505.68,547.81,554.91,5.33
4211702,Orleans,550.87,542.89,542.31,631.89,5.55
4211801,Ouro,557.2,529.3,566.8,603.3,5.45
4211900,Palhoça,564.56,547.76,564.47,617.05,5.4
4212403,Pedras Grandes,484.0,476.3,533.5,402.4,5.43
4212502,Penha,574.3,553.6,566.4,629.4,5.38
4212809,Balneário Piçarras,553.81,543.76,560.41,579.33,5.42
4212908,Pinhalzinho,552.65,507.55,566.5,506.4,5.47
4213203,Pomerode,616.22,616.37,604.87,751.82,5.69
4213500,Porto Belo,564.25,635.3,560.55,744.1,5.32
4213609,Porto União,582.97,549.99,569.88,626.75,5.22
4214805,Rio do Sul,576.37,564.65,580.16,674.25,5.55
4215000,Rio Negrinho,540.58,503.3,556.13,627.08,5.35
4215059,Rio Rufino,487.7,457.4,506.6,462.6,5.1
4215505,Santa Cecília,444.4,419.4,439.0,503.6,5.14
4215703,Santo Amaro da Imperatriz,551.55,524.79,563.7,588.33,5.74
4215802,São Bento do Sul,581.67,541.28,571.55,662.77,5.5
4216206,São Francisco do Sul,520.02,464.72,512.3,515.84,5.41
4216503,São Joaquim,568.7,537.85,567.8,600.92,5.23
4216602,São José,563.94,537.87,561.21,614.66,5.39
4216909,São Lourenço do Oeste,552.8,494.6,497.8,514.5,5.44
4217006,São Ludgero,526.4,501.58,526.43,609.3,5.68
4217204,São Miguel do Oeste,578.73,545.45,576.35,665.57,5.61
4217253,São Pedro de Alcântara,584.4,458.3,532.5,566.0,5.92
4217501,Seara,353.0,499.3,482.5,400.9,5.48
4217600,Siderópolis,550.1,498.9,539.27,591.03,5.4
4217709,Sombrio,597.89,555.23,582.58,637.76,5.38
4218004,Tijucas,576.18,545.59,573.13,656.69,5.43
4218202,Timbó,594.72,583.62,573.08,683.28,5.79
4218301,Três Barras,,,,,5.03
4218707,Tubarão,582.13,556.91,571.33,650.62,5.54
4218905,Urubici,574.23,496.9,550.83,618.43,5.32
4219150,Vargem,509.4,486.1,519.05,522.95,5.28
4219309,Videira,580.14,574.73,593.3,676.69,5.48
4219507,Xanxerê,578.42,536.26,565.4,576.35,5.43
4300406,Alegrete,550.21,541.21,549.56,598.15,5.1
4300604,Alvorada,549.7,525.85,567.9,611.67,5.18
4300703,Anta Gorda,557.36,505.79,553.45,572.59,5.15
4300901,Aratiba,458.6,468.3,508.6,407.9,5.53
4301008,Arroio do Meio,602.1,569.06,582.99,712.98,5.56
4301206,Arroio do Tigre,473.63,452.17,493.34,447.23,5.03
4301305,Arroio Grande,495.5,417.0,408.6,449.1,5.06
4301602,Bagé,547.48,522.6,558.54,579.86,4.98
4302105,Bento Gonçalves,597.51,561.66,584.2,664.58,5.52
4302238,Boa Vista do Incra,505.6,464.6,526.9,556.2,5.34
4302808,Caçapava do Sul,557.15,546.09,570.73,613.93,5.23
4303004,Cachoeira do Sul,619.27,570.56,596.6,697.37,5.14
4303103,Cachoeirinha,575.01,541.13,571.94,657.82,5.36
4303509,Camaquã,568.45,546.4,565.4,700.7,5.12
4303905,Campo Bom,553.95,520.14,566.9,623.21,5.4
4304200,Candelária,580.35,528.31,576.31,627.11,5.07
4304358,Candiota,429.3,414.3,460.1,453.1,5.14
4304408,Canela,587.9,533.85,568.24,640.18,5.34
4304507,Canguçu,490.2,451.7,496.1,594.0,5.1
4304606,Canoas,572.07,541.31,574.69,643.68,5.34
4304630,Capão da Canoa,572.3,521.97,573.79,621.66,5.32
4304705,Carazinho,573.32,545.82,571.87,645.29,5.32
4304804,Carlos Barbosa,587.25,537.63,574.81,646.55,5.73
4305108,Caxias do Sul,592.81,558.13,585.13,661.18,5.48
4305173,Cerro Grande do Sul,463.6,383.3,511.3,447.6,4.76
4305207,Cerro Largo,609.15,572.81,585.7,643.89,5.29
4305355,Charqueadas,528.6,409.1,439.2,373.0,5.51
4306106,Cruz Alta,537.88,506.89,549.14,551.78,5.33
4306601,Dom Pedrito,511.4,509.56,510.67,517.67,5.11
4306767,Eldorado do Sul,563.63,594.25,541.27,664.65,5.22
4306809,Encantado,605.7,548.76,599.22,648.3,5.41
4306932,Entre-Ijuís,509.2,485.0,495.6,539.5,5.21
4307005,Erechim,590.86,571.26,586.27,665.74,5.38
4307609,Estância Velha,507.5,536.93,528.17,541.6,5.44
4307708,Esteio,597.41,549.14,579.42,659.81,5.34
4307807,Estrela,603.68,560.65,579.7,661.3,5.51
4307906,Farroupilha,574.67,533.39,565.49,631.91,5.62
4308508,Frederico Westphalen,565.57,523.78,576.0,604.37,5.46
4308607,Garibaldi,532.82,545.58,553.52,646.52,5.57
4308904,Getúlio Vargas,544.66,464.9,569.56,552.04,5.5
4309100,Gramado,605.13,582.08,600.8,679.9,5.5
4309209,Gravataí,565.24,536.36,566.32,613.6,5.29
4309308,Guaíba,575.45,530.72,579.97,641.38,5.3
4309407,Guaporé,517.2,456.4,543.65,463.2,5.57
4309605,Horizontina,541.64,501.33,554.13,603.88,5.41
4309803,Ibiaçá,463.1,445.9,513.5,559.0,5.43
4310009,Ibirubá,562.93,520.9,570.13,659.73,5.5
4310207,Ijuí,573.96,544.69,556.26,613.88,5.39
4310603,Itaqui,530.75,475.65,535.9,457.08,5.11
4310801,Ivoti,613.6,564.88,598.65,663.2,5.68
4311007,Jaguarão,562.75,445.6,538.3,568.8,5.16
4311205,Júlio de Castilhos,538.5,500.7,520.3,509.3,5.11
4311304,Lagoa Vermelha,566.54,539.39,574.2,688.43,5.33
4311403,Lajeado,606.84,571.88,599.94,717.47,5.39
4311759,Manoel Viana,346.7,428.2,478.3,445.8,5.2
4311809,Marau,552.79,498.73,569.14,551.9,5.53
4312401,Montenegro,562.04,558.16,556.9,632.88,5.35
4312500,Mostardas,517.5,375.2,521.4,481.4,5.1
4312609,Muçum,435.1,423.9,499.2,477.8,5.46
4312658,Não-Me-Toque,566.08,553.98,550.28,617.5,5.39
4312807,Nova Araçá,627.6,606.1,607.3,726.9,5.46
4312955,Nova Boa Vista,491.85,415.05,472.95,469.15,5.57
4313201,Nova Petrópolis,593.4,558.17,578.93,646.79,5.69
4313300,Nova Prata,584.73,566.85,566.15,643.23,5.57
4313375,Nova Santa Rita,529.0,488.5,560.1,567.0,5.31
4313409,Novo Hamburgo,572.39,532.38,566.84,626.09,5.33
4313508,Osório,568.62,530.95,562.68,585.62,5.48
4313656,Palmares do Sul,381.7,371.1,387.25,389.9,5.37
4313706,Palmeira das Missões,507.4,515.32,546.95,592.1,5.2
4313904,Panambi,531.2,535.85,537.7,566.3,5.49
4313953,Pantano Grande,497.2,418.7,576.2,485.6,5.22
4314076,Passo do Sobrado,474.5,440.4,539.1,627.6,5.07
4314100,Passo Fundo,582.27,550.29,579.4,640.78,5.43
4314407,Pelotas,587.3,551.5,578.81,648.71,5.26
4314605,Piratini,426.3,444.5,474.0,392.7,4.96
4314803,Portão,637.24,571.94,602.49,669.31,5.35
4314902,Porto Alegre,600.19,559.21,588.66,666.34,5.16
4315602,Rio Grande,574.0,539.62,562.05,614.58,5.2
4315701,Rio Pardo,561.8,495.06,563.63,578.27,5.18
4315800,Roca Sales,550.3,541.53,593.97,662.93,5.22
4315909,Rodeio Bonito,,,,,5.22
4316105,Ronda Alta,394.6,356.0,425.1,434.5,5.47
4316808,Santa Cruz do Sul,605.15,581.67,595.47,701.89,5.33
4316907,Santa Maria,589.81,559.71,581.66,649.67,5.31
4317103,Sant'Ana do Livramento,570.09,524.81,572.08,626.16,4.99
4317202,Santa Rosa,605.36,572.22,588.79,685.59,5.44
4317301,Santa Vitória do Palmar,444.73,439.03,489.93,483.8,5.04
4317400,Santiago,576.59,539.79,569.29,636.5,5.26
4317509,Santo Ângelo,573.15,537.06,582.63,652.58,5.15
4317558,Santo Antônio do Palma,593.1,627.6,587.5,623.6,5.54
4317608,Santo Antônio da Patrulha,579.84,558.96,591.96,630.4,5.24
4317806,Santo Augusto,635.5,597.1,598.56,644.08,5.17
4318002,São Borja,571.27,498.0,560.77,593.77,5.08
4318101,São Francisco de Assis,448.1,394.6,450.0,438.2,4.84
4318200,São Francisco de Paula,568.8,597.6,591.6,612.9,5.13
4318309,São Gabriel,572.29,521.2,568.55,557.34,5.19
4318440,São Jorge,472.7,472.1,368.2,465.9,5.62
4318705,São Leopoldo,626.6,591.11,604.23,729.17,5.33
4318804,São Lourenço do Sul,370.9,438.3,500.2,478.7,5.27
4318903,São Luiz Gonzaga,570.61,554.27,551.24,631.76,5.09
4319000,São Marcos,596.5,534.1,550.1,559.3,5.67
4319208,São Nicolau,,,,,5.05
4319901,Sapiranga,544.14,500.0,568.92,594.01,5.27
4320008,Sapucaia do Sul,535.79,514.19,546.79,551.01,5.33
4320107,Sarandi,513.2,522.6,543.77,570.3,5.4
4320404,Serafina Corrêa,621.1,661.2,624.8,829.9,5.62
4320552,Sertão Santana,544.3,477.5,531.1,477.8,5.08
4320800,Soledade,528.56,485.5,548.4,562.92,5.3
4320909,Tapejara,554.7,414.1,501.2,378.4,5.48
4321204,Taquara,555.03,529.77,558.44,615.01,5.28
4321303,Taquari,620.3,579.79,612.43,715.28,5.25
4321436,Terra de Areia,547.1,492.3,538.9,538.9,5.33
4321451,Teutônia,596.85,581.78,573.92,666.63,5.54
4321501,Torres,596.93,569.5,595.37,696.58,5.41
4321600,Tramandaí,442.65,472.1,526.6,611.44,5.36
4321808,Três de Maio,605.0,565.02,597.32,668.06,5.38
4321907,Três Passos,622.8,589.87,596.53,684.47,5.39
4322004,Triunfo,551.5,424.2,529.9,469.0,5.3
4322202,Tupanciretã,548.0,543.85,557.65,640.35,5.14
4322400,Uruguaiana,582.34,553.25,587.26,641.36,5.09
4322509,Vacaria,596.14,574.83,598.64,680.64,5.37
4322608,Venâncio Aires,610.47,570.43,581.25,694.62,5.3
4322707,Vera Cruz,569.49,551.57,578.78,667.77,5.2
4322806,Veranópolis,593.38,560.64,581.71,653.2,5.63
4323002,Viamão,570.52,517.2,571.56,584.37,5.21
4323705,Vista Gaúcha,486.5,448.0,478.1,598.9,5.21
4323804,Xangri-lá,445.3,421.0,531.6,458.0,5.31
5000609,Amambai,539.16,487.54,546.8,535.18,4.79
5000856,Angélica,442.6,364.6,524.8,568.5,4.9
5001003,Aparecida do Taboado,520.38,532.3,540.16,580.88,4.91
5001102,Aquidauana,538.34,515.28,555.2,638.0,4.66
5001904,Bataguassu,,,,,5.05
5002100,Bela Vista,562.48,520.06,558.54,577.92,4.66
5002159,Bodoquena,485.65,474.4,488.25,428.8,4.92
5002209,Bonito,495.8,540.4,536.9,547.9,4.87
5002407,Caarapó,532.5,432.8,550.0,582.5,4.81
5002704,Campo Grande,579.28,558.92,574.72,653.9,5.19
5002902,Cassilândia,468.15,484.6,475.75,531.6,5.12
5002951,Chapadão do Sul,553.17,561.41,572.27,644.69,5.12
5003157,Coronel Sapucaia,465.3,495.8,538.6,682.0,4.53
5003207,Corumbá,540.21,508.03,533.51,562.49,4.7
5003256,Costa Rica,516.8,416.7,504.9,376.0,5.03
5003306,Coxim,494.58,525.45,538.63,559.88,4.89
5003454,Deodápolis,359.7,416.4,465.3,405.7,5.05
5003702,Dourados,571.84,555.1,575.84,642.1,5.0
5003751,Eldorado,509.4,530.8,554.6,657.1,5.05
5003801,Fátima do Sul,466.8,430.4,478.8,600.6,5.0
5004106,Guia Lopes da Laguna,422.6,447.5,554.8,421.4,4.9
5004304,Iguatemi,542.8,443.6,550.1,450.7,4.96
5004502,Itaporã,409.5,359.1,433.9,390.0,5.14
5005004,Jardim,536.67,498.37,540.78,558.6,4.92
5005202,Ladário,463.8,521.6,447.5,475.1,4.67
5005400,Maracaju,538.05,524.06,527.68,607.65,5.05
5005608,Miranda,513.68,512.44,503.51,543.47,4.56
5005681,Mundo Novo,552.4,489.63,547.47,477.5,4.99
5005707,Naviraí,545.61,543.04,556.58,632.06,5.03
5005806,Nioaque,369.05,388.2,490.65,460.5,4.62
5006002,Nova Alvorada do Sul,458.9,449.7,543.6,397.9,4.94
5006200,Nova Andradina,559.26,527.56,571.48,571.22,5.11
5006259,Novo Horizonte do Sul,397.1,414.9,489.9,389.3,5.04
5006309,Paranaíba,537.77,533.33,554.04,601.65,4.97
5006606,Ponta Porã,554.35,512.34,550.22,593.75,4.95
5007109,Ribas do Rio Pardo,514.35,365.9,490.6,566.6,4.96
5007208,Rio Brilhante,519.2,495.02,524.7,500.66,4.8
5007554,Santa Rita do Pardo,542.0,357.6,505.2,503.4,4.96
5007695,São Gabriel do Oeste,544.49,542.01,585.15,666.6,5.12
5007901,Sidrolândia,446.45,495.6,451.5,399.7,4.77
5007935,Sonora,510.05,365.5,504.15,452.2,4.91
5008305,Três Lagoas,569.04,544.12,563.45,625.54,5.15
5100201,Água Boa,498.0,520.43,512.76,631.15,5.01
5100250,Alta Floresta,596.22,549.94,572.92,660.49,4.91
5100300,Alto Araguaia,521.1,468.95,541.25,475.2,5.07
5100805,Apiacás,479.6,429.2,436.9,481.4,4.7
5101704,Barra do Bugres,504.7,504.8,504.77,549.87,4.64
5101803,Barra do Garças,570.98,537.39,576.33,624.81,5.04
5101852,Bom Jesus do Araguaia,398.5,373.4,451.6,408.1,4.66
5102504,Cáceres,538.46,509.99,544.19,582.46,4.54
5102637,Campo Novo do Parecis,507.9,463.6,484.7,505.9,5.0
5102678,Campo Verde,560.32,532.51,566.21,586.87,5.06
5102702,Canarana,521.37,538.4,565.13,616.03,4.95
5103007,Chapada dos Guimarães,453.3,460.0,519.7,486.05,4.72
5103056,Cláudia,535.2,439.1,498.8,460.3,4.8
5103205,Colíder,507.07,497.63,493.89,501.79,5.01
5103304,Comodoro,504.1,480.55,533.25,482.35,4.77
5103403,Cuiabá,566.64,536.11,559.18,621.53,4.98
5103502,Diamantino,609.05,570.9,579.8,641.1,4.88
5104104,Guarantã do Norte,623.9,603.1,548.1,578.4,4.89
5104203,Guiratinga,501.1,165.37,516.9,190.07,4.92
5104559,Itaúba,535.7,484.3,553.4,620.8,4.94
5104807,Jaciara,554.26,449.03,542.12,525.87,4.9
5105101,Juara,433.4,421.1,524.1,496.7,4.9
5105150,Juína,561.33,563.3,558.21,633.7,4.76
5105259,Lucas do Rio Verde,577.22,528.58,566.34,656.39,5.04
5105507,Vila Bela da Santíssima Trindade,446.7,447.0,424.7,401.7,4.43
5105606,Matupá,571.3,550.17,564.33,532.33,4.88
5105622,Mirassol d'Oeste,510.05,455.23,532.92,575.6,4.7
5105903,Nobres,479.13,458.2,525.4,641.27,4.81
5106224,Nova Mutum,528.13,498.0,529.7,566.04,5.14
5106232,Nova Olímpia,429.7,413.2,466.2,410.2,4.75
5106422,Peixoto de Azevedo,,,,,4.57
5106505,Poconé,474.2,413.53,498.4,511.03,4.51
5106752,Pontes e Lacerda,539.8,575.8,542.1,655.53,4.86
5106851,Porto Estrela,,,,,4.61
5107040,Primavera do Leste,553.74,556.49,556.21,646.46,5.18
5107305,São José do Rio Claro,550.7,445.0,513.5,617.5,4.98
5107602,Rondonópolis,550.66,534.2,555.66,606.13,5.01
5107875,Sapezal,569.25,593.4,575.9,574.65,4.88
5107909,Sinop,572.28,554.02,558.04,669.89,5.0
5107925,Sorriso,568.23,552.94,562.5,652.15,4.99
5107958,Tangará da Serra,574.47,550.27,567.69,628.3,4.91
5108006,Tapurah,577.5,563.07,565.07,672.13,5.02
5108402,Várzea Grande,536.45,506.28,537.53,580.88,4.86
5108600,Vila Rica,450.2,481.35,516.15,551.7,4.66
5200050,Abadia de Goiás,511.6,396.2,477.4,441.1,4.76
5200100,Abadiânia,517.35,475.62,540.37,583.15,4.87
5200175,Água Fria de Goiás,449.9,,511.2,,4.96
5200258,Águas Lindas de Goiás,525.15,498.48,527.06,534.99,4.88
5200308,Alexânia,468.67,434.2,503.6,463.67,4.96
5200605,Alto Paraíso de Goiás,425.5,435.1,384.6,532.15,4.77
5201108,Anápolis,570.6,568.92,566.15,660.58,5.14
5201405,Aparecida de Goiânia,552.13,532.58,546.89,574.52,4.96
5201801,Aragoiânia,378.1,376.8,556.4,434.2,4.78
5203302,Bela Vista de Goiás,494.48,449.92,490.17,528.76,4.82
5203500,Bom Jesus de Goiás,520.1,503.1,554.2,738.5,5.01
5204300,Caçu,537.95,576.85,546.98,633.23,5.04
5204508,Caldas Novas,520.99,547.35,512.8,607.41,4.98
5205109,Catalão,563.54,540.91,558.18,597.98,5.13
5205406,Ceres,576.26,539.06,571.93,640.28,5.06
5205471,Chapadão do Céu,539.3,557.9,506.4,684.0,5.2
5205497,Cidade Ocidental,535.01,490.31,528.03,510.54,5.02
5205513,Cocalzinho de Goiás,472.1,488.4,525.0,484.1,4.87
5205802,Corumbá de Goiás,614.8,520.8,593.3,557.2,4.78
5206206,Cristalina,570.88,564.95,571.68,606.23,5.0
5206404,Crixás,525.13,500.46,554.34,598.87,4.98
5206503,Cromínia,543.6,484.7,526.0,403.9,5.11
5207253,Doverlândia,457.9,528.0,477.8,425.0,4.96
5207402,Edéia,514.17,506.95,515.03,530.05,5.15
5207808,Firminópolis,559.4,555.4,568.8,620.5,5.15
5208004,Formosa,553.63,521.34,554.22,584.21,4.87
5208400,Goianápolis,435.6,467.5,460.3,420.6,5.07
5208608,Goianésia,547.5,507.99,547.06,585.66,5.01
5208707,Goiânia,594.46,576.36,582.79,667.96,5.07
5208806,Goianira,494.8,384.0,484.0,460.5,4.93
5208905,Goiás,582.96,537.8,573.7,660.14,4.87
5209101,Goiatuba,518.82,499.97,533.74,602.06,5.11
5209705,Hidrolândia,470.9,425.8,420.1,606.3,5.09
5209952,Indiara,400.1,380.0,454.1,519.0,4.81
5210000,Inhumas,562.87,544.88,558.12,629.12,5.03
5210109,Ipameri,623.58,598.88,614.03,699.08,5.13
5210208,Iporá,479.46,505.31,481.76,573.9,5.16
5210406,Itaberaí,561.8,540.88,542.38,610.16,4.92
5210901,Itapaci,576.35,572.45,576.95,669.4,4.66
5211206,Itapuranga,568.28,524.8,551.5,577.68,4.99
5211305,Itarumã,516.8,,521.5,,5.12
5211404,Itauçu,393.3,385.3,502.5,506.4,4.94
5211503,Itumbiara,563.29,538.34,551.74,611.86,5.13
5211800,Jaraguá,532.27,504.15,528.35,549.36,4.89
5211909,Jataí,559.44,556.7,554.33,622.06,5.06
5212006,Jaupaci,483.2,401.1,506.2,411.3,5.05
5212303,Leopoldo de Bulhões,,,,,4.86
5212501,Luziânia,549.99,531.36,555.83,568.07,4.95
5213087,Minaçu,590.21,572.0,576.36,659.17,4.85
5213103,Mineiros,556.2,543.66,565.89,620.98,4.98
5213806,Morrinhos,503.75,544.1,463.95,475.7,5.11
5213905,Mossâmedes,533.1,523.4,543.1,491.9,4.98
5214002,Mozarlândia,507.6,453.2,532.1,487.2,5.01
5214507,Nerópolis,444.7,379.3,409.7,364.3,4.94
5214606,Niquelândia,515.37,501.68,543.28,573.03,4.85
5214861,Nova Glória,495.4,477.1,516.6,458.2,4.94
5215231,Novo Gama,500.4,477.44,527.99,543.29,4.79
5215306,Orizona,551.57,508.5,525.1,479.0,4.93
5215603,Padre Bernardo,,,,,4.74
5215702,Palmeiras de Goiás,436.34,470.72,479.88,420.5,4.86
5216809,Petrolina de Goiás,506.4,414.2,506.6,479.3,4.98
5217104,Piracanjuba,507.53,504.09,537.73,585.36,5.05
5217401,Pires do Rio,536.06,507.96,525.5,558.74,5.01
5217609,Planaltina,527.99,517.79,537.87,561.5,4.86
5217708,Pontalina,585.9,542.87,553.43,562.93,5.11
5218003,Porangatu,518.6,520.21,529.13,591.34,4.79
5218300,Posse,557.24,503.32,542.16,603.47,4.69
5218508,Quirinópolis,574.09,569.49,586.4,610.67,5.06
5218805,Rio Verde,586.43,560.92,575.99,637.19,5.06
5219001,Sanclerlândia,,,,,5.17
5219308,Santa Helena de Goiás,515.11,486.65,543.94,534.34,4.88
5219357,Santa Isabel,500.8,424.7,471.2,484.3,4.7
5219738,Santo Antônio de Goiás,434.6,446.3,491.2,473.6,4.94
5219753,Santo Antônio do Descoberto,521.33,506.54,537.41,534.3,4.84
5220108,São Luís de Montes Belos,491.89,478.53,521.09,514.81,5.04
5220207,São Miguel do Araguaia,469.8,512.1,517.4,583.2,4.77
5220264,São Miguel do Passa Quatro,520.7,493.3,464.4,549.2,5.1
5220454,Senador Canedo,512.76,453.62,527.47,527.59,4.89
5220603,Silvânia,516.53,495.46,518.82,576.76,5.04
5221403,Trindade,550.01,513.64,532.95,567.82,4.93
5221601,Uruaçu,551.78,514.14,546.71,598.17,4.93
5221858,Valparaíso de Goiás,529.6,510.27,545.63,541.91,5.03
5300108,Brasília,584.25,558.86,578.93,639.7,5.25
